callSign,aircraft.reg,airline.iata,airline.name,departure.airport.iata,arrival.airport.iata,departure.scheduledTime.utc,arrival.scheduledTime.utc,departure.gate,arrival.gate,ARR_DELAY,PRIOR_LEG_DELAY,PREDICTED_DELAY,downstream_count,DELAY_BETA,DELAY_BETA_NORM
BWA600,9Y-BAR,BW,Caribbean,POS,,2025-12-19 19:55:00+00:00,2025-12-20 02:00:00+00:00,,C36,0.0,0.0,5.433138,0,5.433138,0.23890618519482543
PIA781,AP-BGY,PK,Pakistan International,ISB,,2025-12-19 09:30:00+00:00,2025-12-19 23:30:00+00:00,,C35,45.0,0.0,44.803696,0,44.803696,1.9701101083735886
EVA036,B-16721,BR,EVA Air,TPE,,2025-12-19 11:20:00+00:00,2025-12-20 01:20:00+00:00,C4,E75,0.0,0.0,0.5354277,0,0.5354277,0.023543850580390092
CES208,B-2022,MU,China Eastern,,PVG,2025-12-19 20:25:00+00:00,2025-12-20 11:20:00+00:00,C34,,0.0,0.0,2.8978329,0,2.8978329,0.12742363685057478
CPA826,B-LXP,CX,Cathay Pacific,HKG,,2025-12-19 11:20:00+00:00,2025-12-20 02:00:00+00:00,69,C34,0.0,0.0,3.3455849,0,3.3455849,0.1471122076605475
WJA712,C-FBWI,WS,WestJet,YVR,,2025-12-19 18:00:00+00:00,2025-12-19 22:41:00+00:00,B15,B19,0.0,0.0,0.8688397,5,5.2130382,0.2292279470237825
WJA712,C-FBWI,S4,Azores,YVR,,2025-12-19 18:00:00+00:00,2025-12-19 22:41:00+00:00,B15,B19,0.0,0.0,0.0,4,0.0,0.0
WJA712,C-FBWI,AF,Air France,YVR,,2025-12-19 18:00:00+00:00,2025-12-19 22:41:00+00:00,B15,B19,0.0,0.0,0.0,3,0.0,0.0
WJA712,C-FBWI,VS,Virgin Atlantic,YVR,,2025-12-19 18:00:00+00:00,2025-12-19 22:41:00+00:00,B15,B19,0.0,0.0,0.0,2,0.0,0.0
WJA712,C-FBWI,DL,Delta Air Lines,YVR,,2025-12-19 18:00:00+00:00,2025-12-19 22:41:00+00:00,B15,B19,0.0,0.0,0.18195403,1,0.36390806,0.01600178136028381
WJA712,C-FBWI,QF,Qantas,YVR,,2025-12-19 18:00:00+00:00,2025-12-19 22:41:00+00:00,B15,B19,0.0,0.0,0.0,0,0.0,0.0
WJA2093,C-FBWS,WS,WestJet,CUR,,2025-12-19 20:25:00+00:00,2025-12-20 02:00:00+00:00,,B24,0.0,0.0,6.784122,0,6.784122,0.29831171358362146
ACA170,C-FCEU,AC,Air Canada,YEG,,2025-12-19 20:20:00+00:00,2025-12-20 00:07:00+00:00,52,D33,17.0,0.0,16.084896,0,16.084896,0.7072857605706883
WJA1141,C-FCSX,AF,Air France,TPA,,2025-12-19 19:41:00+00:00,2025-12-19 22:12:00+00:00,,C39A,20.0,20.0,19.514498,2,58.543493999999995,2.5742771156403816
WJA1141,C-FCSX,WS,WestJet,TPA,,2025-12-19 19:41:00+00:00,2025-12-19 22:12:00+00:00,,C39A,20.0,0.0,19.379448,1,38.758896,1.7043078945763903
WJA1141,C-FCSX,DL,Delta Air Lines,TPA,,2025-12-19 19:41:00+00:00,2025-12-19 22:12:00+00:00,,C39A,20.0,20.0,20.253649,0,20.253649,0.8905943524469638
ACA2188,C-FCYX,AC,Air Canada,LAX,,,2025-12-20 00:15:00+00:00,,F65,24.0,0.0,3.9158368,0,3.9158368,0.1721873495084264
ACA742,C-FDCA,AC,Air Canada,SFO,,2025-12-19 22:30:00+00:00,2025-12-20 03:28:00+00:00,D12,F34,0.0,0.0,0.0,0,0.0,0.0
ACA459,C-FDUW,AC,Air Canada,YOW,,2025-12-19 21:15:00+00:00,2025-12-19 22:35:00+00:00,18,D31,43.0,0.0,36.289124,0,36.289124,1.5957069706129288
JZA992,C-FEJB,AC,Air Canada,,LGA,2025-12-19 21:20:00+00:00,2025-12-19 22:58:00+00:00,F62,,0.0,0.0,12.233218,0,12.233218,0.5379196046624756
JZA691,C-FEJD,AC,Air Canada,BOS,,2025-12-19 15:45:00+00:00,2025-12-19 17:48:00+00:00,,F96,216.0,0.0,215.1596,1,430.3192,18.92201495490988
ACA8694,C-FEJD,AC,Air Canada,,BOS,2025-12-19 19:15:00+00:00,2025-12-19 20:57:00+00:00,F96,,174.0,216.0,174.72113,0,174.72113,7.682845280430788
JZA545,C-FEJL,AC,Air Canada,LGA,,2025-12-19 21:20:00+00:00,2025-12-19 23:07:00+00:00,,F60,65.0,0.0,53.262123,0,53.262123,2.342044435703193
JZA970,C-FEKD,AC,Air Canada,STL,,2025-12-19 22:05:00+00:00,2025-12-20 00:06:00+00:00,,F99,0.0,0.0,0.0,0,0.0,0.0
JZA879,C-FEKS,AC,Air Canada,EWR,,2025-12-19 19:20:00+00:00,2025-12-19 21:04:00+00:00,,F66,11.0,0.0,8.968972,1,17.937944,0.7887680694431853
ACA8909,C-FEKS,AC,Air Canada,,ORD,2025-12-19 21:50:00+00:00,2025-12-19 23:48:00+00:00,F66,,0.0,11.0,2.731447,0,2.731447,0.12010730867352357
FLE2637,C-FFBC,F8,Flair,PUJ,,2025-12-19 18:20:00+00:00,2025-12-19 23:10:00+00:00,,B25,45.0,0.0,39.49736,0,39.49736,1.7367796663487458
ACA2314,C-FFGZ,AC,Air Canada,YLW,,,2025-12-20 01:10:00+00:00,,D35,48.0,0.0,0.0,0,0.0,0.0
FLE1600,C-FFLJ,F8,Flair,,FLL,2025-12-19 20:40:00+00:00,2025-12-20 00:05:00+00:00,A8,,0.0,0.0,1.5079521,1,3.0159042,0.13261547329279175
FLE1601,C-FFLJ,F8,Flair,FLL,,2025-12-20 01:05:00+00:00,2025-12-20 04:20:00+00:00,,C29A,0.0,0.0,99.20957,0,99.20957,4.362447613795012
ACA935,C-FFNW,AC,Air Canada,PUJ,,2025-12-19 21:45:00+00:00,2025-12-20 02:35:00+00:00,,F96,0.0,0.0,1.1816167,0,1.1816167,0.05195810195866524
JZA696,C-FFYG,AC,Air Canada,,BOS,2025-12-19 21:20:00+00:00,2025-12-19 23:02:00+00:00,F60,,0.0,0.0,12.233218,0,12.233218,0.5379196046624756
,C-FGEI,LH,Lufthansa,,FRA,2025-12-20 02:30:00+00:00,2025-12-20 10:10:00+00:00,E70,,0.0,0.0,143.97932,7,1151.83456,50.64852037720381
,C-FGEI,UL,SriLankan,,FRA,2025-12-20 02:30:00+00:00,2025-12-20 10:10:00+00:00,E70,,0.0,0.0,151.5439,6,1060.8073,46.645865661763565
,C-FGEI,OU,Croatia,,FRA,2025-12-20 02:30:00+00:00,2025-12-20 10:10:00+00:00,E70,,0.0,0.0,171.86006,5,1031.16036,45.34222910070073
,C-FGEI,MS,EgyptAir,,FRA,2025-12-20 02:30:00+00:00,2025-12-20 10:10:00+00:00,E70,,0.0,0.0,135.90297,4,679.51485,29.879657133084795
,C-FGEI,OS,Austrian,,FRA,2025-12-20 02:30:00+00:00,2025-12-20 10:10:00+00:00,E70,,0.0,0.0,161.95088,3,647.80352,28.48524512334858
,C-FGEI,AC,Air Canada,,FRA,2025-12-20 02:30:00+00:00,2025-12-20 10:10:00+00:00,E70,,0.0,0.0,140.46817,2,421.40450999999996,18.53001781070068
,C-FGEI,UA,United,,FRA,2025-12-20 02:30:00+00:00,2025-12-20 10:10:00+00:00,E70,,0.0,0.0,151.5439,1,303.0878,13.327390189075306
,C-FGEI,TG,Thai  International,,FRA,2025-12-20 02:30:00+00:00,2025-12-20 10:10:00+00:00,E70,,0.0,0.0,156.50226,0,156.50226,6.88172432045141
ACA887,C-FGEO,AC,Air Canada,VIE,,2025-12-19 09:35:00+00:00,2025-12-19 18:50:00+00:00,G36,E80,203.0,0.0,202.29564,0,202.29564,8.895352857583545
,C-FGHZ,UA,United,FRA,,2025-12-19 16:10:00+00:00,2025-12-20 00:45:00+00:00,B22,E79,5.0,0.0,4.631001,6,32.417007000000005,1.4254420700898733
,C-FGHZ,MS,EgyptAir,FRA,,2025-12-19 16:10:00+00:00,2025-12-20 00:45:00+00:00,B22,E79,5.0,5.0,5.644474,5,33.866844,1.489194366980604
,C-FGHZ,OU,Croatia,FRA,,2025-12-19 16:10:00+00:00,2025-12-20 00:45:00+00:00,B22,E79,5.0,5.0,5.103655,4,25.518275,1.1220907205012067
,C-FGHZ,LH,Lufthansa,FRA,,2025-12-19 16:10:00+00:00,2025-12-20 00:45:00+00:00,B22,E79,5.0,5.0,5.4429345,3,21.771738,0.9573478293099162
,C-FGHZ,A3,Aegean,FRA,,2025-12-19 16:10:00+00:00,2025-12-20 00:45:00+00:00,B22,E79,5.0,5.0,4.7746105,2,14.323831499999999,0.629848154241338
,C-FGHZ,OS,Austrian,FRA,,2025-12-19 16:10:00+00:00,2025-12-20 00:45:00+00:00,B22,E79,5.0,5.0,5.68991,1,11.37982,0.5003939499426996
ACA843,C-FGHZ,AC,Air Canada,FRA,,2025-12-19 16:10:00+00:00,2025-12-20 00:45:00+00:00,B22,E79,5.0,5.0,4.5756454,0,4.5756454,0.20120048254217937
ACA2108,C-FGJI,AC,Air Canada,YVR,,2025-12-19 18:20:00+00:00,2025-12-19 22:55:00+00:00,C42,D35,0.0,0.0,6.576562,0,6.576562,0.28918487605454746
ACA117,C-FGKZ,VA,Virgin Australia,,YVR,2025-12-19 21:40:00+00:00,2025-12-20 02:57:00+00:00,D36,C46,0.0,0.0,0.42321354,4,2.1160677,0.09304782279062089
ACA117,C-FGKZ,AC,Air Canada,,YVR,2025-12-19 21:40:00+00:00,2025-12-20 02:57:00+00:00,D36,C46,0.0,0.0,12.233218,3,48.932872,2.1516784186499023
ACA117,C-FGKZ,AV,Avianca,,YVR,2025-12-19 21:40:00+00:00,2025-12-20 02:57:00+00:00,D36,C46,0.0,0.0,10.66872,2,32.00616,1.4073762875773108
ACA117,C-FGKZ,OS,Austrian,,YVR,2025-12-19 21:40:00+00:00,2025-12-20 02:57:00+00:00,D36,C46,0.0,0.0,2.947546,1,5.895092,0.2592192469789161
ACA117,C-FGKZ,LH,Lufthansa,,YVR,2025-12-19 21:40:00+00:00,2025-12-20 02:57:00+00:00,D36,C46,0.0,0.0,5.75586,0,5.75586,0.2530969312974359
ACA743,C-FHMO,AC,Air Canada,,SFO,2025-12-19 17:40:00+00:00,2025-12-19 23:25:00+00:00,F51,D11,399.0,0.0,324.88174,6,2274.17218,100.0
ACA267,C-FHMO,AV,Avianca,,YWG,2025-12-19 22:50:00+00:00,2025-12-20 01:34:00+00:00,D36,,63.0,399.0,160.67851,5,964.07106,42.39217542446588
ACA267,C-FHMO,UA,United,,YWG,2025-12-19 22:50:00+00:00,2025-12-20 01:34:00+00:00,D36,,63.0,63.0,63.93885,4,319.69425,14.057609745274434
ACA267,C-FHMO,OS,Austrian,,YWG,2025-12-19 22:50:00+00:00,2025-12-20 01:34:00+00:00,D36,,63.0,63.0,51.70947,3,206.83788,9.095084436394785
ACA267,C-FHMO,EY,Etihad,,YWG,2025-12-19 22:50:00+00:00,2025-12-20 01:34:00+00:00,D36,,63.0,63.0,51.009155,2,153.027465,6.7289304805408365
ACA267,C-FHMO,LH,Lufthansa,,YWG,2025-12-19 22:50:00+00:00,2025-12-20 01:34:00+00:00,D36,,63.0,63.0,53.703396,1,107.406792,4.722896223275407
ACA267,C-FHMO,AC,Air Canada,,YWG,2025-12-19 22:50:00+00:00,2025-12-20 01:34:00+00:00,D36,,63.0,63.0,50.239216,0,50.239216,2.209121034978099
ACA1,C-FITL,AC,Air Canada,,HND,2025-12-19 17:30:00+00:00,2025-12-20 07:40:00+00:00,E79,,194.0,0.0,188.78978,0,188.78978,8.30147258243217
ACA881,C-FITW,UA,United,ZRH,,2025-12-19 12:20:00+00:00,2025-12-19 21:25:00+00:00,E34,E73,16.0,16.0,16.517056,6,115.619392,5.084021034854098
ACA881,C-FITW,LX,SWISS,ZRH,,2025-12-19 12:20:00+00:00,2025-12-19 21:25:00+00:00,E34,E73,16.0,16.0,15.792451,5,94.754706,4.166558136332492
ACA881,C-FITW,TG,Thai  International,ZRH,,2025-12-19 12:20:00+00:00,2025-12-19 21:25:00+00:00,E34,E73,16.0,16.0,16.006779,4,80.033895,3.519253981903868
ACA881,C-FITW,AC,Air Canada,ZRH,,2025-12-19 12:20:00+00:00,2025-12-19 21:25:00+00:00,E34,E73,16.0,16.0,16.175362,3,64.701448,2.8450549421460254
ACA881,C-FITW,LH,Lufthansa,ZRH,,2025-12-19 12:20:00+00:00,2025-12-19 21:25:00+00:00,E34,E73,16.0,16.0,16.094734,2,48.28420199999999,2.1231550726295487
ACA881,C-FITW,OS,Austrian,ZRH,,2025-12-19 12:20:00+00:00,2025-12-19 21:25:00+00:00,E34,E73,16.0,0.0,16.417772,1,32.835544,1.4438459976236275
ACA881,C-FITW,OU,Croatia,ZRH,,2025-12-19 12:20:00+00:00,2025-12-19 21:25:00+00:00,E34,E73,16.0,16.0,15.734664,0,15.734664,0.6918853435275072
ACA112,C-FIUR,TP,TAP Air Portugal,YVR,,2025-12-19 20:10:00+00:00,2025-12-20 00:35:00+00:00,C50,D41,58.0,58.0,58.85595,5,353.1357,15.528098668413048
ACA112,C-FIUR,OS,Austrian,YVR,,2025-12-19 20:10:00+00:00,2025-12-20 00:35:00+00:00,C50,D41,58.0,0.0,52.76399,4,263.81995,11.600702546629517
ACA112,C-FIUR,CA,Air China,YVR,,2025-12-19 20:10:00+00:00,2025-12-20 00:35:00+00:00,C50,D41,58.0,58.0,58.27848,3,233.11392,10.2504956330967
ACA112,C-FIUR,LH,Lufthansa,YVR,,2025-12-19 20:10:00+00:00,2025-12-20 00:35:00+00:00,C50,D41,58.0,58.0,59.67513,2,179.02539000000002,7.872112392123274
ACA112,C-FIUR,AC,Air Canada,YVR,,2025-12-19 20:10:00+00:00,2025-12-20 00:35:00+00:00,C50,D41,58.0,58.0,58.13959,1,116.27918,5.113033262063737
ACA112,C-FIUR,G3,Gol,YVR,,2025-12-19 20:10:00+00:00,2025-12-20 00:35:00+00:00,C50,D41,58.0,58.0,56.125298,0,56.125298,2.467944093837257
ACA859,C-FIUW,AC,Air Canada,LHR,,2025-12-19 18:00:00+00:00,2025-12-20 02:10:00+00:00,,E74,0.0,0.0,9.834215,0,9.834215,0.4324305383069104
ACA837,C-FIVM,LH,Lufthansa,MUC,,2025-12-19 10:50:00+00:00,2025-12-19 19:50:00+00:00,,E79,147.0,0.0,146.38733,5,878.3239799999999,38.62170101825799
ACA837,C-FIVM,OS,Austrian,MUC,,2025-12-19 10:50:00+00:00,2025-12-19 19:50:00+00:00,,E79,147.0,147.0,148.14711,4,740.73555,32.57165646974012
ACA837,C-FIVM,A3,Aegean,MUC,,2025-12-19 10:50:00+00:00,2025-12-19 19:50:00+00:00,,E79,147.0,147.0,146.61707,3,586.46828,25.78820922873131
ACA837,C-FIVM,OU,Croatia,MUC,,2025-12-19 10:50:00+00:00,2025-12-19 19:50:00+00:00,,E79,147.0,147.0,147.38495,2,442.15485,19.442452681836958
ACA837,C-FIVM,UA,United,MUC,,2025-12-19 10:50:00+00:00,2025-12-19 19:50:00+00:00,,E79,147.0,147.0,146.89816,1,293.79632,12.918824818268597
ACA837,C-FIVM,AC,Air Canada,MUC,,2025-12-19 10:50:00+00:00,2025-12-19 19:50:00+00:00,,E79,147.0,147.0,147.26059,0,147.26059,6.475349197174684
ACA2,C-FIVR,AC,Air Canada,HND,,2025-12-19 09:50:00+00:00,2025-12-19 22:05:00+00:00,,E71,0.0,0.0,0.0,0,0.0,0.0
ACA8881,C-FJGZ,AC,Air Canada,EWR,,2025-12-19 21:30:00+00:00,2025-12-19 23:16:00+00:00,,F86,0.0,0.0,2.226661,0,2.226661,0.09791083628505208
ACA1812,C-FJQD,AC,Air Canada,,CUN,2025-12-19 22:00:00+00:00,2025-12-20 02:15:00+00:00,E81,,0.0,0.0,2.0193038,0,2.0193038,0.08879291628657597
ACA8729,C-FJQZ,AC,Air Canada,,CLE,2025-12-19 21:20:00+00:00,2025-12-19 22:30:00+00:00,F86,,14.0,0.0,12.233218,1,24.466436,1.0758392093249511
JZA732,C-FJQZ,AC,Air Canada,CLE,,2025-12-19 23:10:00+00:00,2025-12-20 00:14:00+00:00,,F84,0.0,14.0,10.682433,0,10.682433,0.4697284178368587
WJA2759,C-FJVE,WS,WestJet,VRA,,,2025-12-19 21:09:00+00:00,,B37,192.0,0.0,0.0,0,0.0,0.0
ACA8618,C-FKJZ,AC,Air Canada,,IAD,2025-12-19 19:15:00+00:00,2025-12-19 20:46:00+00:00,F87,,114.0,0.0,52.66588,1,105.33176,4.631652824105869
JZA619,C-FKJZ,AC,Air Canada,IAD,,2025-12-19 21:30:00+00:00,2025-12-19 23:03:00+00:00,,F88,105.0,114.0,102.86372,0,102.86372,4.523128059723253
FLE622,C-FLDX,F8,Flair,YYC,,2025-12-19 17:15:00+00:00,2025-12-19 21:25:00+00:00,A16,B4,96.0,0.0,40.66702,0,40.66702,1.7882120077645134
FLE626,C-FLKA,F8,Flair,YYC,,2025-12-19 17:40:00+00:00,2025-12-19 21:50:00+00:00,A19,B5,0.0,0.0,40.66702,0,40.66702,1.7882120077645134
FLE2635,C-FLQO,F8,Flair,PUJ,,2025-12-19 20:35:00+00:00,2025-12-20 01:25:00+00:00,,B27,0.0,0.0,3.113256,0,3.113256,0.13689623096172077
FLE2665,C-FLQZ,F8,Flair,GDL,,2025-12-19 19:10:00+00:00,2025-12-19 23:50:00+00:00,,B27,0.0,0.0,1.8015692,0,1.8015692,0.0792186807948728
FLE2611,C-FLUJ,F8,Flair,CUN,,2025-12-19 17:40:00+00:00,2025-12-19 21:45:00+00:00,,B28,82.0,0.0,78.368805,0,78.368805,3.446036570546738
FLE608,C-FLUT,F8,Flair,YVR,,2025-12-19 20:55:00+00:00,2025-12-20 01:35:00+00:00,B18,B5,0.0,0.0,1.0398983,0,1.0398983,0.04572645418606783
ACA34,C-FNND,VA,Virgin Australia,YVR,,2025-12-19 17:30:00+00:00,2025-12-19 21:59:00+00:00,C50,D24,0.0,0.0,0.0,2,0.0,0.0
ACA34,C-FNND,AC,Air Canada,YVR,,2025-12-19 17:30:00+00:00,2025-12-19 21:59:00+00:00,C50,D24,0.0,0.0,2.4968023,1,4.9936046,0.2195790030286977
ACA34,C-FNND,NZ,Air New Zealand,YVR,,2025-12-19 17:30:00+00:00,2025-12-19 21:59:00+00:00,C50,D24,0.0,0.0,2.612711,0,2.612711,0.11488624401341502
ACA10,C-FNNW,AC,Air Canada,NRT,,2025-12-19 09:45:00+00:00,2025-12-19 21:45:00+00:00,,E72,18.0,0.0,25.283884,1,50.567768,2.223568138099376
ACA10,C-FNNW,NH,ANA,NRT,,2025-12-19 09:45:00+00:00,2025-12-19 21:45:00+00:00,,E72,18.0,18.0,16.489824,0,16.489824,0.7250912725526348
WJA634,C-FNWD,WS,WestJet,YYC,,2025-12-19 18:30:00+00:00,2025-12-19 22:28:00+00:00,C51,B20,35.0,0.0,32.766712,4,163.83355999999998,7.20409656932836
WJA634,C-FNWD,AF,Air France,YYC,,2025-12-19 18:30:00+00:00,2025-12-19 22:28:00+00:00,C51,B20,35.0,35.0,34.10144,3,136.40576,5.998040130804871
WJA634,C-FNWD,AM,Aeromexico,YYC,,2025-12-19 18:30:00+00:00,2025-12-19 22:28:00+00:00,C51,B20,35.0,35.0,34.90476,2,104.71428,4.604500966149361
WJA634,C-FNWD,S4,Azores,YYC,,2025-12-19 18:30:00+00:00,2025-12-19 22:28:00+00:00,C51,B20,35.0,35.0,34.442307,1,68.884614,3.0289973030977806
WJA634,C-FNWD,VS,Virgin Atlantic,YYC,,2025-12-19 18:30:00+00:00,2025-12-19 22:28:00+00:00,C51,B20,35.0,35.0,36.09808,0,36.09808,1.587306375368641
WJA640,C-FONK,QF,Qantas,YYC,,2025-12-19 20:40:00+00:00,2025-12-20 00:36:00+00:00,C50,B22,24.0,24.0,23.493921,5,140.963526,6.198454419576973
WJA640,C-FONK,AM,Aeromexico,YYC,,2025-12-19 20:40:00+00:00,2025-12-20 00:36:00+00:00,C50,B22,24.0,24.0,24.790234,4,123.95117,5.450386346736508
WJA640,C-FONK,AF,Air France,YYC,,2025-12-19 20:40:00+00:00,2025-12-20 00:36:00+00:00,C50,B22,24.0,24.0,24.150797,3,96.603188,4.247839668850403
WJA640,C-FONK,VS,Virgin Atlantic,YYC,,2025-12-19 20:40:00+00:00,2025-12-20 00:36:00+00:00,C50,B22,24.0,24.0,24.480373,2,73.441119,3.2293561431219335
WJA640,C-FONK,DL,Delta Air Lines,YYC,,2025-12-19 20:40:00+00:00,2025-12-20 00:36:00+00:00,C50,B22,24.0,0.0,26.562532,1,53.125064,2.336017671274125
WJA640,C-FONK,WS,WestJet,YYC,,2025-12-19 20:40:00+00:00,2025-12-20 00:36:00+00:00,C50,B22,24.0,24.0,23.754559,0,23.754559,1.0445365222962142
WJA2567,C-FPLS,WS,WestJet,MBJ,,2025-12-19 19:55:00+00:00,2025-12-20 00:12:00+00:00,,B11,10.0,0.0,14.034768,0,14.034768,0.6171374411940963
WJA2757,C-FPRP,WS,WestJet,LIR,,,2025-12-20 00:11:00+00:00,,B10,64.0,0.0,0.0,0,0.0,0.0
WJA430,C-FRAX,WS,WestJet,YEG,,,2025-12-19 22:23:00+00:00,,B22,0.0,0.0,0.0,0,0.0,0.0
ACA8935,C-FRQN,AC,Air Canada,PHL,,2025-12-19 21:35:00+00:00,2025-12-19 23:13:00+00:00,,F66,0.0,0.0,0.80866396,0,0.80866396,0.0355586075281248
ACA8748,C-FRQP,AC,Air Canada,CLT,,2025-12-19 22:05:00+00:00,2025-12-19 23:57:00+00:00,,F82,18.0,0.0,16.192259,0,16.192259,0.7120067311701965
ACA8784,C-FRQW,AC,Air Canada,,DCA,2025-12-19 21:30:00+00:00,2025-12-19 23:05:00+00:00,F98,,27.0,0.0,12.233218,1,24.466436,1.0758392093249511
JZA787,C-FRQW,AC,Air Canada,DCA,,2025-12-19 23:50:00+00:00,2025-12-20 01:27:00+00:00,,F60,0.0,27.0,37.480183,0,37.480183,1.648080269806132
ACA967,C-FRSR,AC,Air Canada,BGI,,2025-12-19 20:10:00+00:00,2025-12-20 01:55:00+00:00,,E77,0.0,0.0,2.1046624,0,2.1046624,0.0925463084329877
ACA104,C-FRTU,VA,Virgin Australia,YVR,,2025-12-19 16:45:00+00:00,2025-12-19 21:09:00+00:00,C49,D43,5.0,0.0,4.751537,3,19.006148,0.8357391831255275
ACA104,C-FRTU,AC,Air Canada,YVR,,2025-12-19 16:45:00+00:00,2025-12-19 21:09:00+00:00,C49,D43,5.0,5.0,2.5701485,2,7.7104455000000005,0.3390440516249742
ACA104,C-FRTU,OS,Austrian,YVR,,2025-12-19 16:45:00+00:00,2025-12-19 21:09:00+00:00,C49,D43,5.0,5.0,4.869638,1,9.739276,0.42825587638663315
ACA589,C-FRTU,AC,Air Canada,,HNL,2025-12-19 22:25:00+00:00,2025-12-20 08:26:00+00:00,F65,,9.0,5.0,0.0,0,0.0,0.0
WJA2587,C-FRYV,WS,WestJet,NAS,,2025-12-19 21:50:00+00:00,2025-12-20 01:20:00+00:00,,B13,0.0,0.0,1.1432513,0,1.1432513,0.05027109688765958
ACA1201,C-FSEQ,AC,Air Canada,MIA,,2025-12-19 17:20:00+00:00,2025-12-19 20:40:00+00:00,,F57,93.0,0.0,90.292274,1,180.584548,7.940671756876386
ACA1024,C-FSEQ,AC,Air Canada,,FLL,2025-12-19 22:35:00+00:00,2025-12-20 01:52:00+00:00,F57,,0.0,93.0,29.828873,0,29.828873,1.311636527010897
ACA1327,C-FSJJ,AC,Air Canada,SXM,,2025-12-19 21:00:00+00:00,2025-12-20 02:15:00+00:00,,165,0.0,0.0,4.812041,0,4.812041,0.21159528035383846
ACA1323,C-FSLU,AC,Air Canada,PLS,,2025-12-19 18:15:00+00:00,2025-12-19 22:25:00+00:00,,E80,80.0,0.0,85.37876,0,85.37876,3.754278622826175
ACA418,C-FSNQ,OS,Austrian,,YUL,2025-12-19 21:00:00+00:00,2025-12-19 22:25:00+00:00,D35,7,46.0,46.0,45.428146,3,181.712584,7.990273805917369
ACA418,C-FSNQ,SN,Brussels,,YUL,2025-12-19 21:00:00+00:00,2025-12-19 22:25:00+00:00,D35,7,46.0,46.0,47.50833,2,142.52499,6.267115183864398
ACA418,C-FSNQ,AC,Air Canada,,YUL,2025-12-19 21:00:00+00:00,2025-12-19 22:25:00+00:00,D35,7,46.0,0.0,12.233218,1,24.466436,1.0758392093249511
ACA418,C-FSNQ,AV,Avianca,,YUL,2025-12-19 21:00:00+00:00,2025-12-19 22:25:00+00:00,D35,7,46.0,46.0,46.07708,0,46.07708,2.0261034061194083
ACA1348,C-FSOI,AC,Air Canada,PVR,,2025-12-19 20:10:00+00:00,2025-12-20 00:50:00+00:00,,191,15.0,0.0,16.841322,0,16.841322,0.7405473582039862
ACA8923,C-FUJA,AC,Air Canada,,PIT,2025-12-19 21:00:00+00:00,2025-12-19 22:14:00+00:00,F95,,7.0,0.0,12.233218,1,24.466436,1.0758392093249511
JZA924,C-FUJA,AC,Air Canada,PIT,,2025-12-19 22:55:00+00:00,2025-12-20 00:00:00+00:00,,F97,0.0,7.0,0.50589746,0,0.50589746,0.022245345556905022
WJA2709,C-FULJ,WS,WestJet,MBJ,,,2025-12-19 21:15:00+00:00,,B17,38.0,0.0,0.0,0,0.0,0.0
WJA1113,C-FUSM,DL,Delta Air Lines,FLL,,2025-12-19 17:00:00+00:00,2025-12-19 20:17:00+00:00,,A18,53.0,53.0,54.989735,4,274.94867500000004,12.090055336091572
WJA1113,C-FUSM,AF,Air France,FLL,,2025-12-19 17:00:00+00:00,2025-12-19 20:17:00+00:00,,A18,53.0,53.0,53.647957,3,214.591828,9.436041381879889
WJA1113,C-FUSM,WS,WestJet,FLL,,2025-12-19 17:00:00+00:00,2025-12-19 20:17:00+00:00,,A18,53.0,0.0,53.48135,2,160.44405,7.055052885221734
WJA385,C-FUSM,WS,WestJet,,YWG,2025-12-19 22:20:00+00:00,2025-12-20 01:12:00+00:00,B18,,0.0,53.0,51.882694,1,103.765388,4.5627762450246845
WJA386,C-FUSM,WS,WestJet,YWG,,2025-12-20 02:05:00+00:00,2025-12-20 04:38:00+00:00,7,B22,0.0,0.0,370.09427,0,370.09427,16.273801660875122
ACA81,C-FVND,AC,Air Canada,TLV,,2025-12-19 09:55:00+00:00,2025-12-19 22:05:00+00:00,,E80,215.0,0.0,209.31834,1,418.63668,18.40831066713691
ACA81,C-FVND,UA,United,TLV,,2025-12-19 09:55:00+00:00,2025-12-19 22:05:00+00:00,,E80,215.0,215.0,215.83095,0,215.83095,9.490528109441565
WJA2133,C-FWCN,WS,WestJet,CUN,,2025-12-19 18:30:00+00:00,2025-12-19 22:31:00+00:00,,B23,74.0,0.0,70.14145,1,140.2829,6.168525902906789
WJA2571,C-FWCN,WS,WestJet,MBJ,,2025-12-20 01:25:00+00:00,2025-12-20 05:42:00+00:00,,B37,0.0,74.0,182.51834,0,182.51834,8.025704544499352
WJA2507,C-FWIJ,WS,WestJet,POP,,2025-12-19 21:30:00+00:00,2025-12-20 01:58:00+00:00,,B9,0.0,0.0,0.0,0,0.0,0.0
WJA2578,C-FWJS,WS,WestJet,,VRA,2025-12-19 21:00:00+00:00,2025-12-20 00:44:00+00:00,B41,,6.0,0.0,13.792028,0,13.792028,0.6064636671441473
ACA7247,C-FXCA,AC,Air Canada,GDL,,,2025-12-19 20:30:00+00:00,,507,35.0,0.0,0.0,0,0.0,0.0
ACA270,C-FXCD,AC,Air Canada,YWG,,2025-12-20 01:05:00+00:00,2025-12-20 03:41:00+00:00,11,D42,0.0,0.0,309.54367,0,309.54367,13.61126799115096
ACA8555,C-FXJC,AC,Air Canada,JFK,,2025-12-19 21:50:00+00:00,2025-12-19 23:35:00+00:00,,F99,1.0,0.0,2.8028452,0,2.8028452,0.12324683349173678
ACA8720,C-FXJF,AC,Air Canada,MSP,,2025-12-19 22:30:00+00:00,2025-12-20 00:40:00+00:00,,F64,0.0,0.0,14.940746,0,14.940746,0.6569751460067549
ACA1771,C-FYJE,AC,Air Canada,HUX,,2025-12-19 21:45:00+00:00,2025-12-20 02:50:00+00:00,,F95,0.0,0.0,3.9303114,0,3.9303114,0.17282382726183906
ACA1734,C-FYJP,UA,United,PSP,,2025-12-19 19:10:00+00:00,2025-12-19 23:42:00+00:00,,F95,12.0,12.0,13.29419,1,26.58838,1.169145425039893
ACA1734,C-FYJP,AC,Air Canada,PSP,,2025-12-19 19:10:00+00:00,2025-12-19 23:42:00+00:00,,F95,12.0,0.0,11.822192,0,11.822192,0.5198459511539711
ACA1677,C-FYXF,AC,Air Canada,MCO,,2025-12-19 21:05:00+00:00,2025-12-19 23:55:00+00:00,,F55,36.0,0.0,37.742973,0,37.742973,1.6596356833456645
ROU1659,C-FZUG,AC,Air Canada,TPA,,2025-12-19 21:15:00+00:00,2025-12-20 00:08:00+00:00,,F61,76.0,0.0,72.50673,1,145.01346,6.376538297113458
ACA1505,C-FZUG,AC,Air Canada,YQM,,2025-12-19 21:55:00+00:00,2025-12-20 00:34:00+00:00,,D40,0.0,76.0,4.826489,0,4.826489,0.21223058845087092
WJA4250,C-FZWS,WS,WestJet,YWG,,2025-12-19 15:00:00+00:00,2025-12-19 17:37:00+00:00,10,B29,390.0,0.0,386.1735,0,386.1735,16.98083827584242
ACA1803,C-GARO,AC,Air Canada,KIN,,2025-12-19 19:55:00+00:00,2025-12-20 00:20:00+00:00,,163,28.0,0.0,26.619356,0,26.619356,1.1705075030862437
WJA2197,C-GAWS,WS,WestJet,AUA,,2025-12-19 20:30:00+00:00,2025-12-20 01:59:00+00:00,,B41,0.0,0.0,0.14231001,0,0.14231001,0.006257662073766112
ACA1545,C-GBIM,AC,Air Canada,YYG,,2025-12-19 22:30:00+00:00,2025-12-20 01:15:00+00:00,,D28,25.0,0.0,19.978683,0,19.978683,0.8785035352952035
ACA1932,C-GBIN,LH,Lufthansa,YXE,,2025-12-19 17:30:00+00:00,2025-12-19 20:52:00+00:00,5,D40,55.0,0.0,53.08156,3,212.32624,9.336418845823713
ACA1932,C-GBIN,UA,United,YXE,,2025-12-19 17:30:00+00:00,2025-12-19 20:52:00+00:00,5,D40,55.0,55.0,52.908695,2,158.726085,6.9795104520186335
ACA1932,C-GBIN,AC,Air Canada,YXE,,2025-12-19 17:30:00+00:00,2025-12-19 20:52:00+00:00,5,D40,55.0,55.0,56.522896,1,113.045792,4.97085458146797
ACA1932,C-GBIN,LO,LOT - Polish,YXE,,2025-12-19 17:30:00+00:00,2025-12-19 20:52:00+00:00,5,D40,55.0,55.0,55.694286,0,55.694286,2.448991615050009
ACA8236,C-GBJZ,AC,Air Canada,YSB,,2025-12-19 17:45:00+00:00,2025-12-19 18:51:00+00:00,,D3,116.0,0.0,109.02763,0,109.02763,4.794167783725153
WJA2853,C-GDMP,WS,WestJet,CUN,,,2025-12-19 21:10:00+00:00,,B23,37.0,0.0,10.880486,0,10.880486,0.4784372131401237
ACA895,C-GEFA,AC,Air Canada,YUL,,2025-12-19 22:10:00+00:00,2025-12-19 23:50:00+00:00,A51,D41,0.0,0.0,2.5423596,0,2.5423596,0.11179274913124652
ACA957,C-GEGI,AC,Air Canada,,SJO,2025-12-19 23:20:00+00:00,2025-12-20 04:55:00+00:00,E78,,0.0,0.0,0.0,0,0.0,0.0
ACA973,C-GEHY,AC,Air Canada,GCM,,2025-12-19 18:30:00+00:00,2025-12-19 22:35:00+00:00,,E81,0.0,0.0,7.544276,1,15.088552,0.6634744779966484
ACA984,C-GEHY,AC,Air Canada,,POS,2025-12-19 23:25:00+00:00,2025-12-20 05:10:00+00:00,E81,,0.0,0.0,2.0193038,0,2.0193038,0.08879291628657597
ACA738,C-GEKH,AC,Air Canada,SFO,,2025-12-19 16:30:00+00:00,2025-12-19 21:28:00+00:00,C4,F95,5.0,0.0,5.6455646,4,28.227823,1.24123508537511
ACA720,C-GEKH,UA,United,,LGA,2025-12-19 22:25:00+00:00,2025-12-20 00:03:00+00:00,F95,,0.0,0.0,21.753965,3,87.01586,3.8262652566614377
ACA720,C-GEKH,AC,Air Canada,,LGA,2025-12-19 22:25:00+00:00,2025-12-20 00:03:00+00:00,F95,,0.0,5.0,0.0,2,0.0,0.0
ACA725,C-GEKH,AC,Air Canada,LGA,,2025-12-20 00:50:00+00:00,2025-12-20 02:33:00+00:00,,F57,0.0,0.0,81.009766,1,162.019532,7.124330049627113
ACA725,C-GEKH,UA,United,LGA,,2025-12-20 00:50:00+00:00,2025-12-20 02:33:00+00:00,,F57,0.0,0.0,86.58885,0,86.58885,3.807488753995751
ACA1399,C-GELU,AC,Air Canada,POP,,2025-12-19 18:50:00+00:00,2025-12-19 23:15:00+00:00,,F95,115.0,0.0,102.70435,0,102.70435,4.516120235012285
TSC805,C-GEZO,TS,Air Transat,CCC,,2025-12-20 04:00:00+00:00,2025-12-20 07:35:00+00:00,,C34,0.0,0.0,79.0702,0,79.0702,3.4768783426064074
ACA1796,C-GFCH,AC,Air Canada,,PUJ,2025-12-19 21:00:00+00:00,2025-12-20 01:35:00+00:00,E68,,10.0,0.0,12.233218,0,12.233218,0.5379196046624756
ROU1795,C-GFCI,AC,Air Canada,PUJ,,2025-12-19 17:05:00+00:00,2025-12-19 21:50:00+00:00,,F98,39.0,0.0,40.791145,1,81.58229,3.5873400755434446
ROU1676,C-GFCI,AC,Air Canada,,MCO,2025-12-19 22:50:00+00:00,2025-12-20 01:50:00+00:00,F98,,0.0,39.0,12.838493,0,12.838493,0.5645347838174679
ACA1702,C-GFDU,AC,Air Canada,LAS,,2025-12-19 20:10:00+00:00,2025-12-20 00:25:00+00:00,,F57,38.0,0.0,40.174644,0,40.174644,1.7665612284466516
WJA2703,C-GFJQ,WS,WestJet,PUJ,,,2025-12-19 23:20:00+00:00,,B28,78.0,0.0,0.0,0,0.0,0.0
ACA8856,C-GFJZ,AC,Air Canada,BNA,,2025-12-19 21:45:00+00:00,2025-12-19 23:44:00+00:00,,F87,0.0,0.0,0.0,0,0.0,0.0
ACA987,C-GFUR,AC,Air Canada,PUJ,,2025-12-19 19:15:00+00:00,2025-12-19 23:50:00+00:00,,E72,39.0,0.0,40.86025,1,81.7205,3.5934174517955806
ACA152,C-GFUR,AC,Air Canada,YYC,,2025-12-20 01:15:00+00:00,2025-12-20 05:13:00+00:00,C56,D39,40.0,39.0,149.9485,0,149.9485,6.5935420949525465
ROU1625,C-GFWX,AC,Air Canada,FLL,,2025-12-19 18:40:00+00:00,2025-12-19 21:50:00+00:00,,F68,48.0,48.0,46.224216,1,92.448432,4.06514655367915
ACA1625,C-GFWX,LH,Lufthansa,FLL,,2025-12-19 18:40:00+00:00,2025-12-19 21:50:00+00:00,,F68,48.0,0.0,45.884132,0,45.884132,2.0176190881026432
ACA7253,C-GHLV,AC,Air Canada,LIM,,,2025-12-19 21:25:00+00:00,,509,60.0,0.0,2.0244987,0,2.0244987,0.08902134665986461
ACA1818,C-GHPD,AC,Air Canada,,BDA,2025-12-19 21:40:00+00:00,2025-12-20 00:30:00+00:00,E74,,29.0,0.0,12.233218,1,24.466436,1.0758392093249511
ROU1819,C-GHPD,AC,Air Canada,BDA,,2025-12-20 01:35:00+00:00,2025-12-20 04:50:00+00:00,,163,0.0,29.0,45.073425,0,45.073425,1.9819706439289921
ACA1720,C-GHPJ,AC,Air Canada,PHX,,2025-12-19 19:45:00+00:00,2025-12-20 00:15:00+00:00,,F97,55.0,0.0,53.769073,0,53.769073,2.3643360635956774
ACA857,C-GHPT,AC,Air Canada,LHR,,2025-12-19 13:00:00+00:00,2025-12-19 21:00:00+00:00,,DIV2,25.0,0.0,25.027967,0,25.027967,1.1005308753710987
ACA2198,C-GHPV,AC,Air Canada,YWG,,2025-12-19 18:35:00+00:00,2025-12-19 21:00:00+00:00,6,124,230.0,0.0,225.51768,0,225.51768,9.916473430784823
ACA856,C-GHPY,AC,Air Canada,,LHR,2025-12-20 01:25:00+00:00,2025-12-20 08:30:00+00:00,E69,,0.0,0.0,140.46817,0,140.46817,6.176672603566894
ACA983,C-GHQQ,AC,Air Canada,MBJ,,2025-12-19 19:40:00+00:00,2025-12-19 23:35:00+00:00,,E71,131.0,0.0,121.44779,0,121.44779,5.340307610305918
ACA8202,C-GIJZ,AC,Air Canada,YAM,,2025-12-19 18:25:00+00:00,2025-12-19 19:44:00+00:00,,D11,178.0,0.0,167.62468,0,167.62468,7.370799866173722
ACA166,C-GITU,AC,Air Canada,YEG,,2025-12-19 18:15:00+00:00,2025-12-19 22:08:00+00:00,52,D37,15.0,0.0,30.090542,0,30.090542,1.3231426478886925
ACA791,C-GIUE,AC,Air Canada,,LAX,2025-12-19 21:55:00+00:00,2025-12-20 03:27:00+00:00,F34,,0.0,0.0,12.233218,4,61.166090000000004,2.6895980233123775
ACA791,C-GIUE,SQ,Singapore,,LAX,2025-12-19 21:55:00+00:00,2025-12-20 03:27:00+00:00,F34,,0.0,0.0,3.6336932,3,14.5347728,0.6391236744440344
ACA791,C-GIUE,NZ,Air New Zealand,,LAX,2025-12-19 21:55:00+00:00,2025-12-20 03:27:00+00:00,F34,,0.0,0.0,0.0,2,0.0,0.0
ACA791,C-GIUE,UA,United,,LAX,2025-12-19 21:55:00+00:00,2025-12-20 03:27:00+00:00,F34,,0.0,0.0,9.878353,1,19.756706,0.8687427528024726
ACA791,C-GIUE,OS,Austrian,,LAX,2025-12-19 21:55:00+00:00,2025-12-20 03:27:00+00:00,F34,,0.0,0.0,2.947546,0,2.947546,0.12960962348945804
ACA149,C-GIUF,AC,Air Canada,,YYC,2025-12-19 21:30:00+00:00,2025-12-20 01:54:00+00:00,D38,C50,33.0,0.0,12.233218,3,48.932872,2.1516784186499023
ACA149,C-GIUF,LH,Lufthansa,,YYC,2025-12-19 21:30:00+00:00,2025-12-20 01:54:00+00:00,D38,C50,33.0,33.0,32.932842,2,98.79852600000001,4.3443731687897085
ACA149,C-GIUF,OS,Austrian,,YYC,2025-12-19 21:30:00+00:00,2025-12-20 01:54:00+00:00,D38,C50,33.0,33.0,32.614483,1,65.228966,2.868250987047076
ACA149,C-GIUF,AV,Avianca,,YYC,2025-12-19 21:30:00+00:00,2025-12-20 01:54:00+00:00,D38,C50,33.0,33.0,33.937492,0,33.937492,1.492300903971132
WJA2253,C-GIWJ,WS,WestJet,PLS,,2025-12-19 19:30:00+00:00,2025-12-19 23:48:00+00:00,,B29,73.0,0.0,70.08623,0,70.08623,3.081834815163379
ACA7947,C-GJFZ,AC,Air Canada,YDF,,2025-12-19 21:15:00+00:00,2025-12-20 00:22:00+00:00,,D5,0.0,0.0,0.34354797,0,0.34354797,0.015106506579462246
JZA989,C-GJIZ,AC,Air Canada,LGA,,2025-12-19 17:45:00+00:00,2025-12-19 19:28:00+00:00,,F84,109.0,0.0,112.494095,1,224.98819,9.893190673012278
ACA8705,C-GJIZ,AC,Air Canada,,CVG,2025-12-19 21:20:00+00:00,2025-12-19 23:00:00+00:00,F84,,65.0,109.0,63.444168,0,63.444168,2.7897697702027116
ACA1629,C-GJTH,AC,Air Canada,FLL,,2025-12-19 21:15:00+00:00,2025-12-20 00:26:00+00:00,,F36,0.0,0.0,0.5678278,0,0.5678278,0.024968549215125833
ROU1647,C-GJTX,AC,Air Canada,MIA,,2025-12-19 21:20:00+00:00,2025-12-20 00:40:00+00:00,,F36,60.0,0.0,54.657597,0,54.657597,2.4034062803459326
ACA413,C-GJVT,EI,Aer Lingus,YUL,,2025-12-19 18:10:00+00:00,2025-12-19 19:40:00+00:00,A49,D51,77.0,77.0,76.885574,5,461.313444,20.28489522723825
ACA413,C-GJVT,AC,Air Canada,YUL,,2025-12-19 18:10:00+00:00,2025-12-19 19:40:00+00:00,A49,D51,77.0,77.0,79.3556,4,396.77799999999996,17.447139820345527
ACA413,C-GJVT,AV,Avianca,YUL,,2025-12-19 18:10:00+00:00,2025-12-19 19:40:00+00:00,A49,D51,77.0,77.0,75.177055,3,300.70822,13.222755191737505
ACA413,C-GJVT,OS,Austrian,YUL,,2025-12-19 18:10:00+00:00,2025-12-19 19:40:00+00:00,A49,D51,77.0,0.0,74.48748,2,223.46244000000002,9.826100326317421
ACA1377,C-GJVT,AC,Air Canada,EWR,,2025-12-19 23:55:00+00:00,2025-12-20 01:42:00+00:00,,F55,0.0,0.0,20.918978,1,41.837956,1.8397004575088942
ACA1377,C-GJVT,UA,United,EWR,,2025-12-19 23:55:00+00:00,2025-12-20 01:42:00+00:00,,F55,0.0,77.0,85.8309,0,85.8309,3.7741601429668354
ACA941,C-GJWD,AC,Air Canada,NAS,,2025-12-19 18:50:00+00:00,2025-12-19 22:15:00+00:00,,E68,152.0,0.0,149.36148,2,448.08444,19.70318887640249
ACA192,C-GJWD,AC,Air Canada,,YLW,2025-12-20 01:25:00+00:00,2025-12-20 06:20:00+00:00,D38,6,30.0,30.0,221.55519,1,443.11038,19.484469289392152
ACA192,C-GJWD,UA,United,,YLW,2025-12-20 01:25:00+00:00,2025-12-20 06:20:00+00:00,D38,6,30.0,152.0,208.92586,0,208.92586,9.186897185594804
ACA196,C-GJWI,LH,Lufthansa,YYJ,,2025-12-19 19:40:00+00:00,2025-12-20 00:16:00+00:00,13,D28,29.0,0.0,28.871622,4,144.35810999999998,6.347721217836724
ACA196,C-GJWI,AC,Air Canada,YYJ,,2025-12-19 19:40:00+00:00,2025-12-20 00:16:00+00:00,13,D28,29.0,29.0,28.55709,3,114.22836,5.022854514032442
ACA196,C-GJWI,TP,TAP Air Portugal,YYJ,,2025-12-19 19:40:00+00:00,2025-12-20 00:16:00+00:00,13,D28,29.0,29.0,28.900023,2,86.700069,3.812379280798343
ACA196,C-GJWI,UA,United,YYJ,,2025-12-19 19:40:00+00:00,2025-12-20 00:16:00+00:00,13,D28,29.0,29.0,29.069117,1,58.138234,2.5564570049397046
ACA196,C-GJWI,AV,Avianca,YYJ,,2025-12-19 19:40:00+00:00,2025-12-20 00:16:00+00:00,13,D28,29.0,29.0,28.886198,0,28.886198,1.2701851800860566
ACA141,C-GJWO,AC,Air Canada,,YYC,2025-12-19 17:00:00+00:00,2025-12-19 21:24:00+00:00,D44,C52,271.0,0.0,324.88174,0,324.88174,14.285714285714285
ACA472,C-GJXE,AV,Avianca,,YOW,2025-12-20 05:30:00+00:00,2025-12-20 06:38:00+00:00,D36,16,0.0,0.0,242.0894,5,1452.5364,63.870995027298235
ACA472,C-GJXE,TP,TAP Air Portugal,,YOW,2025-12-20 05:30:00+00:00,2025-12-20 06:38:00+00:00,D36,16,0.0,0.0,258.73065,4,1293.65325,56.88457810613091
ACA472,C-GJXE,LO,LOT - Polish,,YOW,2025-12-20 05:30:00+00:00,2025-12-20 06:38:00+00:00,D36,16,0.0,0.0,238.98012,3,955.92048,42.03377775907891
ACA472,C-GJXE,AC,Air Canada,,YOW,2025-12-20 05:30:00+00:00,2025-12-20 06:38:00+00:00,D36,16,0.0,0.0,243.16588,2,729.4976399999999,32.07750259261372
ACA472,C-GJXE,CX,Cathay Pacific,,YOW,2025-12-20 05:30:00+00:00,2025-12-20 06:38:00+00:00,D36,16,0.0,0.0,244.73633,1,489.47266,21.523113522565385
ACA472,C-GJXE,OS,Austrian,,YOW,2025-12-20 05:30:00+00:00,2025-12-20 06:38:00+00:00,D36,16,0.0,0.0,262.7391,0,262.7391,11.553175362474093
ACA1038,C-GJXN,AC,Air Canada,DEN,,2025-12-19 20:25:00+00:00,2025-12-19 23:35:00+00:00,,F53,164.0,164.0,164.30615,2,492.91845,21.674631953329058
ACA1038,C-GJXN,OS,Austrian,DEN,,2025-12-19 20:25:00+00:00,2025-12-19 23:35:00+00:00,,F53,164.0,0.0,158.7444,1,317.4888,13.960631600022475
ACA1038,C-GJXN,UA,United,DEN,,2025-12-19 20:25:00+00:00,2025-12-19 23:35:00+00:00,,F53,164.0,164.0,164.82426,0,164.82426,7.2476596736839864
ACA740,C-GJXV,AC,Air Canada,SFO,,2025-12-19 20:00:00+00:00,2025-12-20 00:55:00+00:00,D12,F66,31.0,0.0,34.505592,0,34.505592,1.517281422376735
ACA508,C-GJXW,AC,Air Canada,ORD,,2025-12-19 21:55:00+00:00,2025-12-19 23:34:00+00:00,,F98,24.0,24.0,25.297672,1,50.595344,2.224780711194875
ACA508,C-GJXW,UA,United,ORD,,2025-12-19 21:55:00+00:00,2025-12-19 23:34:00+00:00,,F98,24.0,0.0,19.782974,0,19.782974,0.8698978104639377
ACA1042,C-GJYA,AC,Air Canada,AUS,,2025-12-19 19:05:00+00:00,2025-12-19 22:20:00+00:00,,F57,66.0,66.0,66.18246,1,132.36492,5.820356135039873
ACA1042,C-GJYA,UA,United,AUS,,2025-12-19 19:05:00+00:00,2025-12-19 22:20:00+00:00,,F57,66.0,0.0,64.87115,0,64.87115,2.852517086019406
ACA419,C-GJYI,AC,Air Canada,YUL,,2025-12-19 21:10:00+00:00,2025-12-19 22:40:00+00:00,A47,D32,52.0,52.0,48.695915,3,194.78366,8.565035739730137
ACA419,C-GJYI,OS,Austrian,YUL,,2025-12-19 21:10:00+00:00,2025-12-19 22:40:00+00:00,A47,D32,52.0,52.0,53.791878,2,161.375634,7.096016538202485
ACA419,C-GJYI,TK,Turkish,YUL,,2025-12-19 21:10:00+00:00,2025-12-19 22:40:00+00:00,A47,D32,52.0,0.0,51.664238,1,103.328476,4.543564331175663
ACA744,C-GJYI,AC,Air Canada,SFO,,,2025-12-20 05:13:00+00:00,,F55,0.0,52.0,41.77779,0,41.77779,1.8370548354874345
POE605,C-GKQJ,TS,Air Transat,,LGA,2025-12-19 20:15:00+00:00,2025-12-19 21:55:00+00:00,A16,,21.0,0.0,10.711393,3,42.845572,1.8840073929670529
POE605,C-GKQJ,PD,Porter,,LGA,2025-12-19 20:15:00+00:00,2025-12-19 21:55:00+00:00,A16,,21.0,21.0,23.921286,2,71.763858,3.1556035480127984
POE606,C-GKQJ,TS,Air Transat,LGA,,2025-12-19 22:55:00+00:00,2025-12-20 00:35:00+00:00,,A13,0.0,21.0,11.361975,1,22.72395,0.9992185376218963
POE606,C-GKQJ,PD,Porter,LGA,,2025-12-19 22:55:00+00:00,2025-12-20 00:35:00+00:00,,A13,0.0,0.0,0.0,0,0.0,0.0
POE442,C-GKQK,TS,Air Transat,YYJ,,2025-12-19 20:35:00+00:00,2025-12-20 01:09:00+00:00,12,B3,0.0,0.0,0.77132714,1,1.54265428,0.06783366244503088
POE442,C-GKQK,PD,Porter,YYJ,,2025-12-19 20:35:00+00:00,2025-12-20 01:09:00+00:00,12,B3,0.0,0.0,1.1358066,0,1.1358066,0.04994373820895127
POE776,C-GKQL,TS,Air Transat,NAS,,2025-12-19 20:15:00+00:00,2025-12-19 23:45:00+00:00,,B12,38.0,38.0,38.050835,1,76.10167,3.3463460097379256
POE776,C-GKQL,PD,Porter,NAS,,2025-12-19 20:15:00+00:00,2025-12-19 23:45:00+00:00,,B12,38.0,0.0,36.816345,0,36.816345,1.6188899558168017
POE664,C-GKQM,PD,Porter,LAX,,2025-12-19 21:40:00+00:00,2025-12-20 02:23:00+00:00,,C38,0.0,0.0,2.6284947,2,7.8854841,0.3467408567103305
POE664,C-GKQM,AA,American,LAX,,2025-12-19 21:40:00+00:00,2025-12-20 02:23:00+00:00,,C38,0.0,0.0,5.485473,1,10.970946,0.48241492427367566
POE664,C-GKQM,TS,Air Transat,LAX,,2025-12-19 21:40:00+00:00,2025-12-20 02:23:00+00:00,,C38,0.0,0.0,0.0,0,0.0,0.0
POE360,C-GKQN,TS,Air Transat,YYC,,2025-12-19 19:40:00+00:00,2025-12-19 23:35:00+00:00,A18,B18,39.0,39.0,37.41626,1,74.83252,3.2905388896279613
POE360,C-GKQN,PD,Porter,YYC,,2025-12-19 19:40:00+00:00,2025-12-19 23:35:00+00:00,A18,B18,39.0,0.0,36.754635,0,36.754635,1.616176440958837
POE642,C-GKQS,TS,Air Transat,PHX,,2025-12-19 20:35:00+00:00,2025-12-20 00:40:00+00:00,,C39A,0.0,0.0,0.0,2,0.0,0.0
POE642,C-GKQS,AA,American,PHX,,2025-12-19 20:35:00+00:00,2025-12-20 00:40:00+00:00,,C39A,0.0,0.0,0.2851224,1,0.5702448,0.02507482964636389
POE642,C-GKQS,PD,Porter,PHX,,2025-12-19 20:35:00+00:00,2025-12-20 00:40:00+00:00,,C39A,0.0,0.0,0.0,0,0.0,0.0
POE124,C-GKQT,PD,Porter,YUL,,2025-12-19 19:30:00+00:00,2025-12-19 21:02:00+00:00,A4,B20,30.0,30.0,31.772951,1,63.545902,2.794243222164471
POE124,C-GKQT,TS,Air Transat,YUL,,2025-12-19 19:30:00+00:00,2025-12-19 21:02:00+00:00,A4,B20,30.0,0.0,38.072342,0,38.072342,1.6741187116271907
POE544,C-GKQV,TS,Air Transat,MIA,,2025-12-19 19:10:00+00:00,2025-12-19 22:30:00+00:00,,C38,2.0,2.0,2.1031764,1,4.2063528,0.18496193195011296
POE544,C-GKQV,PD,Porter,MIA,,2025-12-19 19:10:00+00:00,2025-12-19 22:30:00+00:00,,C38,2.0,0.0,3.9413679,0,3.9413679,0.17331000417039663
POE160,C-GKQY,PD,Porter,YOW,,2025-12-19 20:00:00+00:00,2025-12-19 21:18:00+00:00,26,B24,18.0,0.0,29.658415,6,207.60890500000002,9.128987981903816
POE209,C-GKQY,AA,American,,YHZ,2025-12-19 22:00:00+00:00,2025-12-20 00:12:00+00:00,B24,12,0.0,0.0,0.0,5,0.0,0.0
POE209,C-GKQY,TS,Air Transat,,YHZ,2025-12-19 22:00:00+00:00,2025-12-20 00:12:00+00:00,B24,12,0.0,0.0,0.7509657,4,3.7548285,0.16510748539716988
POE209,C-GKQY,PD,Porter,,YHZ,2025-12-19 22:00:00+00:00,2025-12-20 00:12:00+00:00,B24,12,0.0,18.0,0.9583501,3,3.8334004,0.1685624524700676
POE409,C-GKQY,PD,Porter,,YEG,2025-12-20 01:55:00+00:00,2025-12-20 06:16:00+00:00,B4,,0.0,0.0,270.29156,2,810.87468,35.65581740605059
POE409,C-GKQY,AA,American,,YEG,2025-12-20 01:55:00+00:00,2025-12-20 06:16:00+00:00,B4,,0.0,0.0,242.20763,1,484.41526,21.300729305377395
POE409,C-GKQY,TS,Air Transat,,YEG,2025-12-20 01:55:00+00:00,2025-12-20 06:16:00+00:00,B4,,0.0,0.0,258.73065,0,258.73065,11.376915621226182
ACA145,C-GKUH,OS,Austrian,,YYC,2025-12-19 19:40:00+00:00,2025-12-20 00:04:00+00:00,D24,C56,78.0,78.0,78.90739,2,236.72217,10.409157762188437
ACA145,C-GKUH,AC,Air Canada,,YYC,2025-12-19 19:40:00+00:00,2025-12-20 00:04:00+00:00,D24,C56,78.0,78.0,78.25992,1,156.51984,6.882497348991403
ACA145,C-GKUH,LH,Lufthansa,,YYC,2025-12-19 19:40:00+00:00,2025-12-20 00:04:00+00:00,D24,C56,78.0,0.0,71.30368,0,71.30368,3.135368580579506
POE551,C-GKXM,TS,Air Transat,,PBI,2025-12-19 20:50:00+00:00,2025-12-20 00:05:00+00:00,A14,,0.0,0.0,10.711393,3,42.845572,1.8840073929670529
POE551,C-GKXM,PD,Porter,,PBI,2025-12-19 20:50:00+00:00,2025-12-20 00:05:00+00:00,A14,,0.0,0.0,24.723896,2,74.171688,3.2614807556040017
POE552,C-GKXM,PD,Porter,PBI,,2025-12-20 01:05:00+00:00,2025-12-20 04:19:00+00:00,,C41,0.0,0.0,145.6221,1,291.2442,12.806602884395499
POE552,C-GKXM,TS,Air Transat,PBI,,2025-12-20 01:05:00+00:00,2025-12-20 04:19:00+00:00,,C41,0.0,0.0,147.91937,0,147.91937,6.504317100563599
POE672,C-GKXN,PD,Porter,SFO,,2025-12-19 21:40:00+00:00,2025-12-20 02:39:00+00:00,B2,A10,0.0,0.0,0.0,0,0.0,0.0
POE536,C-GKYC,PD,Porter,RSW,,2025-12-20 01:45:00+00:00,2025-12-20 04:49:00+00:00,,C38,0.0,0.0,160.88634,1,321.77268,14.149002561450732
POE536,C-GKYC,TS,Air Transat,RSW,,2025-12-20 01:45:00+00:00,2025-12-20 04:49:00+00:00,,C38,0.0,0.0,164.30997,0,164.30997,7.225045290985839
POE604,C-GKYN,TS,Air Transat,LGA,,2025-12-19 14:55:00+00:00,2025-12-19 16:35:00+00:00,,C37A,346.0,346.0,347.22385,1,694.4477,30.53628507582922
POE604,C-GKYN,PD,Porter,LGA,,2025-12-19 14:55:00+00:00,2025-12-19 16:35:00+00:00,,C37A,346.0,0.0,343.37952,0,343.37952,15.099099488588417
POE654,C-GKYS,PD,Porter,LAS,,2025-12-19 20:40:00+00:00,2025-12-20 00:55:00+00:00,,C38,0.0,0.0,2.2774215,2,6.8322645,0.3004286377296199
POE654,C-GKYS,AA,American,LAS,,2025-12-19 20:40:00+00:00,2025-12-20 00:55:00+00:00,,C38,0.0,0.0,0.0,1,0.0,0.0
POE654,C-GKYS,TS,Air Transat,LAS,,2025-12-19 20:40:00+00:00,2025-12-20 00:55:00+00:00,,C38,0.0,0.0,0.0,0,0.0,0.0
JZA839,C-GLJZ,AC,Air Canada,RDU,,2025-12-19 20:15:00+00:00,2025-12-19 22:10:00+00:00,,F87,0.0,0.0,0.0,0,0.0,0.0
WJA456,C-GLVU,WS,WestJet,YEG,,2025-12-20 00:50:00+00:00,2025-12-20 04:39:00+00:00,54,B3,0.0,0.0,275.7691,0,275.7691,12.12613110059239
ACA990,C-GMIU,AC,Air Canada,MEX,,2025-12-19 19:30:00+00:00,2025-12-20 00:10:00+00:00,,E81,1.0,0.0,11.093432,0,11.093432,0.4878008841001652
ACA142,C-GMYU,OS,Austrian,YYC,,2025-12-19 18:40:00+00:00,2025-12-19 22:38:00+00:00,A24,D34,17.0,0.0,22.170927,3,88.683708,3.899603942916934
ACA142,C-GMYU,TK,Turkish,YYC,,2025-12-19 18:40:00+00:00,2025-12-19 22:38:00+00:00,A24,D34,17.0,17.0,17.610703,2,52.832109,2.3231358410162244
ACA142,C-GMYU,LH,Lufthansa,YYC,,2025-12-19 18:40:00+00:00,2025-12-19 22:38:00+00:00,A24,D34,17.0,17.0,16.86734,1,33.73468,1.4833828457087184
ACA142,C-GMYU,AC,Air Canada,YYC,,2025-12-19 18:40:00+00:00,2025-12-19 22:38:00+00:00,A24,D34,17.0,17.0,17.614513,0,17.614513,0.7745461471611177
ACA455,C-GMZN,OS,Austrian,YOW,,2025-12-19 19:05:00+00:00,2025-12-19 20:25:00+00:00,18,D33,79.0,0.0,72.68021,3,290.72084,12.783589675254932
ACA455,C-GMZN,UA,United,YOW,,2025-12-19 19:05:00+00:00,2025-12-19 20:25:00+00:00,18,D33,79.0,79.0,79.0791,2,237.2373,10.431809081403854
ACA455,C-GMZN,AC,Air Canada,YOW,,2025-12-19 19:05:00+00:00,2025-12-19 20:25:00+00:00,18,D33,79.0,79.0,78.43882,1,156.87764,6.898230546466364
ACA455,C-GMZN,LH,Lufthansa,YOW,,2025-12-19 19:05:00+00:00,2025-12-19 20:25:00+00:00,18,D33,79.0,79.0,79.2599,0,79.2599,3.4852198394230642
ACA1202,C-GNAM,AC,Air Canada,,MIA,2025-12-19 21:55:00+00:00,2025-12-20 01:21:00+00:00,F61,,0.0,0.0,12.233218,0,12.233218,0.5379196046624756
ACA506,C-GNBN,UA,United,ORD,,2025-12-19 20:00:00+00:00,2025-12-19 21:39:00+00:00,,F36,26.0,26.0,27.47431,1,54.94862,2.4162031566141136
ACA506,C-GNBN,AC,Air Canada,ORD,,2025-12-19 20:00:00+00:00,2025-12-19 21:39:00+00:00,,F36,26.0,0.0,28.193554,0,28.193554,1.2397282073866545
WJA2731,C-GNDG,WS,WestJet,HOG,,,2025-12-19 22:09:00+00:00,,B11,18.0,0.0,0.0,0,0.0,0.0
ACA1291,C-GNGV,AC,Air Canada,RSW,,2025-12-19 18:04:00+00:00,2025-12-19 20:25:00+00:00,,F55,41.0,41.0,42.86203,3,171.44812,7.538924339493063
ACA1291,C-GNGV,LH,Lufthansa,RSW,,2025-12-19 18:04:00+00:00,2025-12-19 20:25:00+00:00,,F55,41.0,0.0,41.94807,2,125.84421,5.53362718560738
ACA1294,C-GNGV,AC,Air Canada,,RSW,2025-12-19 21:25:00+00:00,2025-12-20 00:42:00+00:00,F55,,0.0,41.0,6.9791756,1,13.9583512,0.6137772382740166
ACA510,C-GNGV,AC,Air Canada,ORD,,2025-12-20 02:30:00+00:00,2025-12-20 04:09:00+00:00,,F32,0.0,0.0,165.37604,0,165.37604,7.271922568325499
WJA2513,C-GOCD,WS,WestJet,BGI,,2025-12-19 19:50:00+00:00,2025-12-20 02:00:00+00:00,,B23,0.0,0.0,3.6404407,0,3.6404407,0.1600776199803834
,C-GOFV,LH,Lufthansa,,FRA,2025-12-19 21:40:00+00:00,2025-12-20 05:40:00+00:00,E77,,0.0,0.0,0.0,7,0.0,0.0
,C-GOFV,UA,United,,FRA,2025-12-19 21:40:00+00:00,2025-12-20 05:40:00+00:00,E77,,0.0,0.0,1.2432352,6,8.702646399999999,0.3826731536219917
,C-GOFV,MS,EgyptAir,,FRA,2025-12-19 21:40:00+00:00,2025-12-20 05:40:00+00:00,E77,,0.0,0.0,0.0,5,0.0,0.0
,C-GOFV,A3,Aegean,,FRA,2025-12-19 21:40:00+00:00,2025-12-20 05:40:00+00:00,E77,,0.0,0.0,0.101459764,4,0.5072988199999999,0.022306966221000906
,C-GOFV,SQ,Singapore,,FRA,2025-12-19 21:40:00+00:00,2025-12-20 05:40:00+00:00,E77,,0.0,0.0,0.0,3,0.0,0.0
,C-GOFV,OS,Austrian,,FRA,2025-12-19 21:40:00+00:00,2025-12-20 05:40:00+00:00,E77,,0.0,0.0,0.0,2,0.0,0.0
,C-GOFV,OU,Croatia,,FRA,2025-12-19 21:40:00+00:00,2025-12-20 05:40:00+00:00,E77,,0.0,0.0,0.47233945,1,0.9446789,0.04153946250454968
,C-GOFV,AC,Air Canada,,FRA,2025-12-19 21:40:00+00:00,2025-12-20 05:40:00+00:00,E77,,0.0,0.0,0.8310205,0,0.8310205,0.036541670296925365
TSC558,C-GOIM,TS,Air Transat,,VRA,2025-12-19 22:20:00+00:00,2025-12-20 01:55:00+00:00,B29,,0.0,0.0,0.7509657,0,0.7509657,0.03302149707943398
TSC164,C-GOIO,TS,Air Transat,,GEO,2025-12-19 22:00:00+00:00,2025-12-20 04:15:00+00:00,B19,,0.0,0.0,0.7509657,0,0.7509657,0.03302149707943398
TSC956,C-GOKC,TS,Air Transat,,HOG,2025-12-19 21:15:00+00:00,2025-12-20 01:10:00+00:00,B38,,0.0,0.0,1.2597485,1,2.519497,0.11078743386967295
TSC957,C-GOKC,TS,Air Transat,HOG,,2025-12-20 02:50:00+00:00,2025-12-20 06:45:00+00:00,,B41,0.0,0.0,74.8045,0,74.8045,3.289306792944763
WJA384,C-GORP,WS,WestJet,YWG,,2025-12-19 17:10:00+00:00,2025-12-19 19:40:00+00:00,6,B40,79.0,0.0,87.39469,1,174.78938,7.685846372458922
WJA648,C-GORP,WS,WestJet,YYC,,2025-12-20 00:15:00+00:00,2025-12-20 04:11:00+00:00,D83,B20,0.0,79.0,217.47987,0,217.47987,9.56303449284126
WJA2727,C-GOWG,WS,WestJet,SNU,,,2025-12-19 20:31:00+00:00,,B9,147.0,0.0,0.0,0,0.0,0.0
WJA647,C-GQWJ,AM,Aeromexico,,YYC,2025-12-19 21:00:00+00:00,2025-12-20 01:32:00+00:00,B22,A11,55.0,55.0,55.16933,4,275.84665,12.12954113263315
WJA647,C-GQWJ,WS,WestJet,,YYC,2025-12-19 21:00:00+00:00,2025-12-20 01:32:00+00:00,B22,A11,55.0,55.0,54.981884,3,219.927536,9.670663370791916
WJA647,C-GQWJ,MU,China Eastern,,YYC,2025-12-19 21:00:00+00:00,2025-12-20 01:32:00+00:00,B22,A11,55.0,55.0,53.755608,2,161.266824,7.091231940054777
WJA647,C-GQWJ,DL,Delta Air Lines,,YYC,2025-12-19 21:00:00+00:00,2025-12-20 01:32:00+00:00,B22,A11,55.0,55.0,55.91643,1,111.83286,4.9175194817482994
WJA647,C-GQWJ,KE,Korean Air,,YYC,2025-12-19 21:00:00+00:00,2025-12-20 01:32:00+00:00,B22,A11,55.0,0.0,46.021282,0,46.021282,2.0236498539877488
ROU1879,C-GSJB,AC,Air Canada,UVF,,2025-12-19 21:15:00+00:00,2025-12-20 03:00:00+00:00,,191,0.0,0.0,4.8348413,0,4.8348413,0.21259785615704788
TSC327,C-GTSR,TS,Air Transat,CUN,,2025-12-19 16:55:00+00:00,2025-12-19 20:50:00+00:00,,B15A,0.0,0.0,2.1591027,0,2.1591027,0.09494015972000854
ACA417,C-GTZH,LH,Lufthansa,YUL,,2025-12-19 20:10:00+00:00,2025-12-19 21:40:00+00:00,A48,D51,116.0,116.0,114.85151,3,459.40604,20.20102277392207
ACA417,C-GTZH,OS,Austrian,YUL,,2025-12-19 20:10:00+00:00,2025-12-19 21:40:00+00:00,A48,D51,116.0,116.0,116.864105,2,350.592315,15.416260830347507
ACA417,C-GTZH,AC,Air Canada,YUL,,2025-12-19 20:10:00+00:00,2025-12-19 21:40:00+00:00,A48,D51,116.0,116.0,115.56204,1,231.12408,10.16299830033098
ACA417,C-GTZH,SN,Brussels,YUL,,2025-12-19 20:10:00+00:00,2025-12-19 21:40:00+00:00,A48,D51,116.0,0.0,107.71905,0,107.71905,4.7366268459057475
TSC517,C-GUBA,TS,Air Transat,MBJ,,2025-12-19 17:35:00+00:00,2025-12-19 21:45:00+00:00,,C32,18.0,18.0,15.9895525,1,31.979105,1.4061866239169278
TSC517,C-GUBA,F8,Flair,MBJ,,2025-12-19 17:35:00+00:00,2025-12-19 21:45:00+00:00,,C32,18.0,0.0,19.08108,0,19.08108,0.8390340963541292
TSC986,C-GUBT,TS,Air Transat,,PUJ,2025-12-19 22:10:00+00:00,2025-12-20 02:30:00+00:00,C30,,0.0,0.0,0.0,0,0.0,0.0
TSC741,C-GUFZ,TS,Air Transat,POP,,2025-12-19 17:50:00+00:00,2025-12-19 22:15:00+00:00,,C33,0.0,0.0,2.187867,0,2.187867,0.09620498479583017
ACA1299,C-GUPK,AC,Air Canada,,MSY,2025-12-19 20:05:00+00:00,2025-12-19 23:17:00+00:00,F63,,57.0,0.0,23.203918,3,92.815672,4.081294847252947
ACA1299,C-GUPK,UA,United,,MSY,2025-12-19 20:05:00+00:00,2025-12-19 23:17:00+00:00,F63,,57.0,57.0,54.66787,2,164.00361,7.211574015473182
ACA1298,C-GUPK,UA,United,MSY,,2025-12-20 00:05:00+00:00,2025-12-20 02:52:00+00:00,,F36,0.0,0.0,76.12025,1,152.2405,6.694326020644575
ACA1298,C-GUPK,AC,Air Canada,MSY,,2025-12-20 00:05:00+00:00,2025-12-20 02:52:00+00:00,,F36,0.0,57.0,61.89112,0,61.89112,2.7214790746406896
WJA2415,C-GUUL,WS,WestJet,HUX,,2025-12-19 20:55:00+00:00,2025-12-20 01:58:00+00:00,,B18,0.0,0.0,0.0,0,0.0,0.0
ACA1094,C-GVDP,AC,Air Canada,SAN,,2025-12-19 20:40:00+00:00,2025-12-20 01:30:00+00:00,,F53,45.0,0.0,36.00139,1,72.00278,3.1661094367973495
ACA1094,C-GVDP,UA,United,SAN,,2025-12-19 20:40:00+00:00,2025-12-20 01:30:00+00:00,,F53,45.0,45.0,46.98606,0,46.98606,2.06607311500926
ACA1359,C-GVUH,AC,Air Canada,,MTY,2025-12-19 21:45:00+00:00,2025-12-20 02:30:00+00:00,E72,,0.0,0.0,12.233218,0,12.233218,0.5379196046624756
ACA1292,C-GVUO,AC,Air Canada,,RSW,2025-12-19 19:10:00+00:00,2025-12-19 22:27:00+00:00,F32,,0.0,0.0,52.66588,1,105.33176,4.631652824105869
ACA1293,C-GVUO,AC,Air Canada,RSW,,2025-12-19 23:20:00+00:00,2025-12-20 02:25:00+00:00,,F97,0.0,0.0,1.450588,0,1.450588,0.06378531989605114
WJA718,C-GWBF,WS,WestJet,YVR,,2025-12-20 01:00:00+00:00,2025-12-20 05:38:00+00:00,B14,B24,0.0,0.0,282.72095,0,282.72095,12.431818157233812
WJA1115,C-GWBJ,DL,Delta Air Lines,FLL,,2025-12-19 23:55:00+00:00,2025-12-20 03:12:00+00:00,,A13,0.0,0.0,20.719294,1,41.438588,1.822139430093635
WJA1115,C-GWBJ,WS,WestJet,FLL,,2025-12-19 23:55:00+00:00,2025-12-20 03:12:00+00:00,,A13,0.0,0.0,2.5861444,0,2.5861444,0.11371805629950148
WJA2568,C-GWBX,KL,KLM,,MBJ,2025-12-19 20:00:00+00:00,2025-12-20 00:23:00+00:00,B25,,77.0,77.0,76.37282,1,152.74564,6.716538059136754
WJA2568,C-GWBX,WS,WestJet,,MBJ,2025-12-19 20:00:00+00:00,2025-12-20 00:23:00+00:00,B25,,77.0,0.0,64.82897,0,64.82897,2.850662345187953
ACA693,C-GWUS,AC,Air Canada,YYT,,2025-12-19 17:00:00+00:00,2025-12-19 20:51:00+00:00,,D26,8.0,8.0,7.494214,2,22.482642000000002,0.9886077315394827
ACA693,C-GWUS,LH,Lufthansa,YYT,,2025-12-19 17:00:00+00:00,2025-12-19 20:51:00+00:00,,D26,8.0,8.0,8.675664,1,17.351328,0.7629733646640598
ACA693,C-GWUS,UA,United,YYT,,2025-12-19 17:00:00+00:00,2025-12-19 20:51:00+00:00,,D26,8.0,0.0,5.1573257,0,5.1573257,0.22677815450191638
WJA2103,C-GWWJ,WS,WestJet,PUJ,,2025-12-19 20:30:00+00:00,2025-12-20 01:20:00+00:00,,B40,0.0,0.0,2.0090544,0,2.0090544,0.08834222921502803
WJA2027,C-GXRW,WS,WestJet,TQO,,,2025-12-19 23:53:00+00:00,,B24,2.0,0.0,0.0,0,0.0,0.0
ACA144,C-GYFM,LO,LOT - Polish,YYC,,2025-12-19 20:10:00+00:00,2025-12-20 00:08:00+00:00,C54,D22,63.0,63.0,63.002304,5,378.013824,16.622040640739876
ACA144,C-GYFM,OS,Austrian,YYC,,2025-12-19 20:10:00+00:00,2025-12-20 00:08:00+00:00,C54,D22,63.0,63.0,63.388996,4,316.94498,13.936718722854133
ACA144,C-GYFM,LH,Lufthansa,YYC,,2025-12-19 20:10:00+00:00,2025-12-20 00:08:00+00:00,C54,D22,63.0,63.0,63.27597,3,253.10388,11.129495041136243
ACA144,C-GYFM,LX,SWISS,YYC,,2025-12-19 20:10:00+00:00,2025-12-20 00:08:00+00:00,C54,D22,63.0,0.0,60.021812,2,180.06543599999998,7.917845340980294
ACA144,C-GYFM,AC,Air Canada,YYC,,2025-12-19 20:10:00+00:00,2025-12-20 00:08:00+00:00,C54,D22,63.0,63.0,62.572624,1,125.145248,5.502892397531658
ACA144,C-GYFM,TP,TAP Air Portugal,YYC,,2025-12-19 20:10:00+00:00,2025-12-20 00:08:00+00:00,C54,D22,63.0,63.0,62.995354,0,62.995354,2.7700345010816196
ACA1237,C-GYFY,AC,Air Canada,PBI,,2025-12-19 18:30:00+00:00,2025-12-19 20:50:00+00:00,,F53,43.0,0.0,40.817726,0,40.817726,1.7948388586830748
ACA114,C-GYJW,G3,Gol,YVR,,2025-12-19 21:35:00+00:00,2025-12-20 01:59:00+00:00,C49,D24,0.0,0.0,0.0,5,0.0,0.0
ACA114,C-GYJW,CA,Air China,YVR,,2025-12-19 21:35:00+00:00,2025-12-20 01:59:00+00:00,C49,D24,0.0,0.0,0.0,4,0.0,0.0
ACA114,C-GYJW,LO,LOT - Polish,YVR,,2025-12-19 21:35:00+00:00,2025-12-20 01:59:00+00:00,C49,D24,0.0,0.0,4.6881332,3,18.7525328,0.8245872042986649
ACA114,C-GYJW,CX,Cathay Pacific,YVR,,2025-12-19 21:35:00+00:00,2025-12-20 01:59:00+00:00,C49,D24,0.0,0.0,0.0,2,0.0,0.0
ACA114,C-GYJW,AC,Air Canada,YVR,,2025-12-19 21:35:00+00:00,2025-12-20 01:59:00+00:00,C49,D24,0.0,0.0,0.0,1,0.0,0.0
ACA114,C-GYJW,OZ,Asiana,YVR,,2025-12-19 21:35:00+00:00,2025-12-20 01:59:00+00:00,C49,D24,0.0,0.0,1.0809172,0,1.0809172,0.047530139076804645
ACA592,C-GYLQ,AC,Air Canada,IAH,,2025-12-19 17:55:00+00:00,2025-12-19 21:05:00+00:00,,F66,234.0,0.0,231.85281,2,695.55843,30.58512614467037
ACA592,C-GYLQ,OS,Austrian,IAH,,2025-12-19 17:55:00+00:00,2025-12-19 21:05:00+00:00,,F66,234.0,234.0,234.22757,1,468.45514,20.5989302006148
ACA592,C-GYLQ,UA,United,IAH,,2025-12-19 17:55:00+00:00,2025-12-19 21:05:00+00:00,,F66,234.0,234.0,232.94771,0,232.94771,10.243187039602253
ACA1040,C-GYLY,AC,Air Canada,DEN,,2025-12-20 00:30:00+00:00,2025-12-20 03:41:00+00:00,,F51,0.0,0.0,113.910416,1,227.820832,10.017747732715646
ACA1040,C-GYLY,UA,United,DEN,,2025-12-20 00:30:00+00:00,2025-12-20 03:41:00+00:00,,F51,0.0,0.0,153.00352,0,153.00352,6.727877569938438
POE404,C-GZQK,TS,Air Transat,YEG,,2025-12-19 19:50:00+00:00,2025-12-19 23:40:00+00:00,70,B17,50.0,0.0,46.51089,1,93.02178,4.090357837373597
POE404,C-GZQK,PD,Porter,YEG,,2025-12-19 19:50:00+00:00,2025-12-19 23:40:00+00:00,70,B17,50.0,50.0,50.11509,0,50.11509,2.203662960998846
POE322,C-GZQR,PD,Porter,YLW,,2025-12-19 20:00:00+00:00,2025-12-20 00:23:00+00:00,6,B15,0.0,0.0,0.0,1,0.0,0.0
POE322,C-GZQR,TS,Air Transat,YLW,,2025-12-19 20:00:00+00:00,2025-12-20 00:23:00+00:00,6,B15,0.0,0.0,0.96528417,0,0.96528417,0.04244551835120945
POE125,C-GZQV,TS,Air Transat,,YUL,2025-12-19 20:30:00+00:00,2025-12-19 21:55:00+00:00,B20,6,59.0,59.0,58.823963,1,117.647926,5.173219821904602
POE125,C-GZQV,PD,Porter,,YUL,2025-12-19 20:30:00+00:00,2025-12-19 21:55:00+00:00,B20,6,59.0,0.0,24.723896,0,24.723896,1.0871602518680006
POE526,C-GZQZ,PD,Porter,TPA,,2025-12-19 23:25:00+00:00,2025-12-20 02:19:00+00:00,,C37A,0.0,0.0,0.0,1,0.0,0.0
POE526,C-GZQZ,TS,Air Transat,TPA,,2025-12-19 23:25:00+00:00,2025-12-20 02:19:00+00:00,,C37A,0.0,0.0,1.2317532,0,1.2317532,0.05416270636113401
RZO323,CS-TSJ,S4,Azores,PDL,,2025-12-19 17:50:00+00:00,2025-12-20 00:50:00+00:00,,B40,0.0,0.0,3.6858056,0,3.6858056,0.16207240737594458
TAP261,CS-TXA,TP,TAP Air Portugal,LIS,,2025-12-19 17:30:00+00:00,2025-12-20 02:15:00+00:00,,E81,0.0,0.0,1.6252612,0,1.6252612,0.07146605759639536
DLH470,D-ABPA,LH,Lufthansa,FRA,,2025-12-19 12:40:00+00:00,2025-12-19 21:15:00+00:00,B22,E76,24.0,0.0,22.960682,3,91.842728,4.038512510517123
,D-ABPA,AC,Air Canada,FRA,,2025-12-19 12:40:00+00:00,2025-12-19 21:15:00+00:00,B22,E76,24.0,24.0,23.358713,2,70.07613900000001,3.08139109326366
,D-ABPA,LH,Lufthansa,,FRA,2025-12-19 23:15:00+00:00,2025-12-20 06:55:00+00:00,E76,,0.0,24.0,11.361153,1,22.722306,0.9991462475809548
,D-ABPA,AC,Air Canada,,FRA,2025-12-19 23:15:00+00:00,2025-12-20 06:55:00+00:00,E76,,0.0,0.0,0.0,0,0.0,0.0
,D-ANRA,DE,Condor,FRA,,2025-12-19 10:50:00+00:00,2025-12-19 19:45:00+00:00,B61,C30,168.0,0.0,164.5411,3,658.1644,28.94083419840269
,D-ANRA,WS,WestJet,FRA,,2025-12-19 10:50:00+00:00,2025-12-19 19:45:00+00:00,B61,C30,168.0,168.0,167.47664,2,502.42992000000004,22.09287073417634
,D-ANRA,WS,WestJet,,FRA,2025-12-19 22:15:00+00:00,2025-12-20 06:10:00+00:00,C30,,0.0,168.0,1.0368079,1,2.0736158,0.09118112596030437
,D-ANRA,DE,Condor,,FRA,2025-12-19 22:15:00+00:00,2025-12-20 06:10:00+00:00,C30,,0.0,0.0,0.0,0,0.0,0.0
AFR356,F-GZNR,AF,Air France,CDG,,2025-12-19 13:00:00+00:00,2025-12-19 21:25:00+00:00,,C34,12.0,0.0,13.144476,0,13.144476,0.5779894818693982
BAW99,G-ZBJB,BA,British,LHR,,2025-12-19 17:05:00+00:00,2025-12-20 01:15:00+00:00,,C32,12.0,0.0,8.619502,0,8.619502,0.3790171243762203
CMP470,HP-1826CMP,CM,Copa,PTY,,2025-12-19 23:35:00+00:00,2025-12-20 05:09:00+00:00,,E81,0.0,0.0,0.0,0,0.0,0.0
UAL5287,N145SY,NZ,Air New Zealand,ORD,,2025-12-19 19:13:00+00:00,2025-12-19 21:02:00+00:00,,F64,5.0,0.0,5.2379003,4,26.1895015,1.1516059219403518
UAL5287,N145SY,UA,United,ORD,,2025-12-19 19:13:00+00:00,2025-12-19 21:02:00+00:00,,F64,5.0,5.0,4.4197555,3,17.679022,0.7773827397712691
UAL5287,N145SY,CM,Copa,ORD,,2025-12-19 19:13:00+00:00,2025-12-19 21:02:00+00:00,,F64,5.0,5.0,3.8777742,2,11.6333226,0.5115409775173663
UAL5287,N145SY,NH,ANA,ORD,,2025-12-19 19:13:00+00:00,2025-12-19 21:02:00+00:00,,F64,5.0,5.0,6.2993054,1,12.5986108,0.5539866730759145
UAL5287,N145SY,AC,Air Canada,ORD,,2025-12-19 19:13:00+00:00,2025-12-19 21:02:00+00:00,,F64,5.0,5.0,4.4805865,0,4.4805865,0.19702054837378233
ASA391,N214AK,HA,Hawaiian,,SEA,2025-12-19 21:45:00+00:00,2025-12-20 03:11:00+00:00,A11,,37.0,0.0,38.014194,3,152.056776,6.686247300765063
ASA391,N214AK,AS,Alaska,,SEA,2025-12-19 21:45:00+00:00,2025-12-20 03:11:00+00:00,A11,,37.0,37.0,35.783913,2,107.351739,4.720475430316802
ASA391,N214AK,TN,Air Tahiti Nui,,SEA,2025-12-19 21:45:00+00:00,2025-12-20 03:11:00+00:00,A11,,37.0,37.0,35.947838,1,71.895676,3.161399854957332
ASA391,N214AK,QR,Qatar,,SEA,2025-12-19 21:45:00+00:00,2025-12-20 03:11:00+00:00,A11,,37.0,37.0,35.421658,0,35.421658,1.5575627171729804
DAL3829,N258SY,DL,Delta Air Lines,,MSP,2025-12-19 22:15:00+00:00,2025-12-20 00:50:00+00:00,A13,,9.0,0.0,5.697328,1,11.394656,0.501046319192947
SKW3829,N258SY,WS,WestJet,,MSP,2025-12-19 22:15:00+00:00,2025-12-20 00:50:00+00:00,A13,,9.0,9.0,8.172173,0,8.172173,0.35934715374101533
UAL608,N26210,UA,United,SFO,,2025-12-19 16:49:00+00:00,2025-12-19 21:52:00+00:00,E11,F97,0.0,0.0,1.0349674,0,1.0349674,0.045509632432492425
EDV5106,N335PQ,AM,Aeromexico,JFK,,2025-12-19 20:15:00+00:00,2025-12-19 22:08:00+00:00,,A6,77.0,0.0,68.12268,8,613.10412,26.95944156699692
EDV5106,N335PQ,KQ,Kenya,JFK,,2025-12-19 20:15:00+00:00,2025-12-19 22:08:00+00:00,,A6,77.0,77.0,77.29488,7,618.35904,27.190511142388523
EDV5106,N335PQ,LA,LATAM,JFK,,2025-12-19 20:15:00+00:00,2025-12-19 22:08:00+00:00,,A6,77.0,77.0,77.29488,6,541.06416,23.79169724958996
EDV5106,N335PQ,KL,KLM,JFK,,2025-12-19 20:15:00+00:00,2025-12-19 22:08:00+00:00,,A6,77.0,77.0,77.41006,5,464.46036000000004,20.423271557213408
EDV5106,N335PQ,VS,Virgin Atlantic,JFK,,2025-12-19 20:15:00+00:00,2025-12-19 22:08:00+00:00,,A6,77.0,77.0,77.13406,4,385.6703,16.958711543116316
EDV5106,N335PQ,DL,Delta Air Lines,JFK,,2025-12-19 20:15:00+00:00,2025-12-19 22:08:00+00:00,,A6,77.0,77.0,76.83647,3,307.34588,13.514626671758865
EDV5106,N335PQ,AF,Air France,JFK,,2025-12-19 20:15:00+00:00,2025-12-19 22:08:00+00:00,,A6,77.0,77.0,80.86417,2,242.59251,10.66728861312515
EDV5106,N335PQ,KE,Korean Air,JFK,,2025-12-19 20:15:00+00:00,2025-12-19 22:08:00+00:00,,A6,77.0,77.0,78.67545,1,157.3509,6.919040756184081
EDV5106,N335PQ,WS,WestJet,JFK,,2025-12-19 20:15:00+00:00,2025-12-19 22:08:00+00:00,,A6,77.0,77.0,74.73941,0,74.73941,3.286444652576834
DAL5406,N340CA,AF,Air France,DTW,,2025-12-19 20:55:00+00:00,2025-12-19 22:15:00+00:00,,A6,39.0,39.0,39.186844,9,391.86844,17.231256430196947
DAL5406,N340CA,VS,Virgin Atlantic,DTW,,2025-12-19 20:55:00+00:00,2025-12-19 22:15:00+00:00,,A6,39.0,0.0,37.971634,8,341.744706,15.027213374846578
DAL5406,N340CA,KL,KLM,DTW,,2025-12-19 20:55:00+00:00,2025-12-19 22:15:00+00:00,,A6,39.0,39.0,39.628876,7,317.031008,13.940501549887045
DAL5406,N340CA,WS,WestJet,DTW,,2025-12-19 20:55:00+00:00,2025-12-19 22:15:00+00:00,,A6,39.0,39.0,38.358143,6,268.507001,11.806801761157768
DAL5406,N340CA,DL,Delta Air Lines,DTW,,2025-12-19 20:55:00+00:00,2025-12-19 22:15:00+00:00,,A6,39.0,39.0,39.044434,5,234.26660400000003,10.301181505087273
EDV4980,N340CA,AF,Air France,,DTW,2025-12-19 23:05:00+00:00,2025-12-20 00:36:00+00:00,A6,,0.0,0.0,8.230356,4,41.15178,1.809527895992466
EDV4980,N340CA,WS,WestJet,,DTW,2025-12-19 23:05:00+00:00,2025-12-20 00:36:00+00:00,A6,,0.0,39.0,28.345537,3,113.382148,4.985644842423497
EDV4980,N340CA,KL,KLM,,DTW,2025-12-19 23:05:00+00:00,2025-12-20 00:36:00+00:00,A6,,0.0,0.0,9.840391,2,29.521173,1.2981063289587862
EDV4980,N340CA,DL,Delta Air Lines,,DTW,2025-12-19 23:05:00+00:00,2025-12-20 00:36:00+00:00,A6,,0.0,0.0,5.697328,1,11.394656,0.501046319192947
EDV4980,N340CA,VS,Virgin Atlantic,,DTW,2025-12-19 23:05:00+00:00,2025-12-20 00:36:00+00:00,A6,,0.0,0.0,9.175234,0,9.175234,0.4034537965370766
DAL1734,N361NW,LA,LATAM,ATL,,2025-12-19 19:48:00+00:00,2025-12-19 22:02:00+00:00,,A12,28.0,28.0,28.086756,9,280.86756,12.350320809922142
DAL1734,N361NW,KE,Korean Air,ATL,,2025-12-19 19:48:00+00:00,2025-12-19 22:02:00+00:00,,A12,28.0,0.0,29.789682,8,268.10713799999996,11.789218967580545
DAL1734,N361NW,AM,Aeromexico,ATL,,2025-12-19 19:48:00+00:00,2025-12-19 22:02:00+00:00,,A12,28.0,28.0,28.417524,7,227.340192,9.99661300931049
DAL1734,N361NW,DL,Delta Air Lines,ATL,,2025-12-19 19:48:00+00:00,2025-12-19 22:02:00+00:00,,A12,28.0,28.0,27.956009,6,195.69206300000002,8.60498007675039
DAL1734,N361NW,WS,WestJet,ATL,,2025-12-19 19:48:00+00:00,2025-12-19 22:02:00+00:00,,A12,28.0,28.0,27.302896,5,163.817376,7.203384925762306
DAL2714,N361NW,KE,Korean Air,,ATL,2025-12-19 23:12:00+00:00,2025-12-20 01:49:00+00:00,A12,,0.0,0.0,32.395634,4,161.97817,7.122511277927954
DAL2714,N361NW,KL,KLM,,ATL,2025-12-19 23:12:00+00:00,2025-12-20 01:49:00+00:00,A12,,0.0,0.0,9.840391,3,39.361564,1.730808438611715
DAL2714,N361NW,WS,WestJet,,ATL,2025-12-19 23:12:00+00:00,2025-12-20 01:49:00+00:00,A12,,0.0,0.0,16.413277,2,49.239831,2.1651760334171355
DAL2714,N361NW,DL,Delta Air Lines,,ATL,2025-12-19 23:12:00+00:00,2025-12-20 01:49:00+00:00,A12,,0.0,0.0,5.697328,1,11.394656,0.501046319192947
DAL2714,N361NW,LA,LATAM,,ATL,2025-12-19 23:12:00+00:00,2025-12-20 01:49:00+00:00,A12,,0.0,28.0,25.935537,0,25.935537,1.1404385836783915
RPA4623,N439YX,YX,Republic,LGA,,2025-12-19 16:19:00+00:00,2025-12-19 18:00:00+00:00,,A14,310.0,0.0,305.36493,1,610.72986,26.85504050093516
RPA4623,N439YX,AA,American,LGA,,2025-12-19 16:19:00+00:00,2025-12-19 18:00:00+00:00,,A14,310.0,310.0,308.2473,0,308.2473,13.554263951993292
EDV5094,N478PX,DL,Delta Air Lines,LGA,,2025-12-19 16:30:00+00:00,2025-12-19 18:19:00+00:00,,A6,158.0,158.0,158.82153,3,635.28612,27.934829455173443
DAL5094,N478PX,WS,WestJet,LGA,,2025-12-19 16:30:00+00:00,2025-12-19 18:19:00+00:00,,A6,158.0,0.0,159.88428,2,479.65283999999997,21.091315961837154
EDV5306,N478PX,DL,Delta Air Lines,,LGA,2025-12-19 22:14:00+00:00,2025-12-20 00:00:00+00:00,A6,,29.0,29.0,29.721489,1,59.442978,2.613829265996913
EDV5306,N478PX,WS,WestJet,,LGA,2025-12-19 22:14:00+00:00,2025-12-20 00:00:00+00:00,A6,,29.0,158.0,26.60877,0,26.60877,1.1700420150245616
JIA5123,N544EA,PD,Porter,DCA,,2025-12-19 19:59:00+00:00,2025-12-19 21:39:00+00:00,,A9,166.0,0.0,160.62314,3,642.49256,28.251711354590576
JIA5123,N544EA,OH,PSA,DCA,,2025-12-19 19:59:00+00:00,2025-12-19 21:39:00+00:00,,A9,166.0,166.0,167.5991,2,502.79729999999995,22.10902518383634
JIA5123,N544EA,BA,British,DCA,,2025-12-19 19:59:00+00:00,2025-12-19 21:39:00+00:00,,A9,166.0,166.0,166.53629,1,333.07258,14.645882265607524
JIA5123,N544EA,AA,American,DCA,,2025-12-19 19:59:00+00:00,2025-12-19 21:39:00+00:00,,A9,166.0,166.0,166.12149,0,166.12149,7.304701528799811
JIA5030,N564NN,OH,PSA,CLT,,2025-12-19 18:58:00+00:00,2025-12-19 20:59:00+00:00,,A9,99.0,0.0,99.71007,5,598.2604200000001,26.306733732007928
AAL5030,N564NN,PD,Porter,CLT,,2025-12-19 18:58:00+00:00,2025-12-19 20:59:00+00:00,,A9,99.0,99.0,99.03872,4,495.1936,21.774674950073482
JIA5030,N564NN,AA,American,CLT,,2025-12-19 18:58:00+00:00,2025-12-19 20:59:00+00:00,,A9,99.0,99.0,98.148315,3,392.59326,17.263128247395937
JIA5030,N564NN,OH,PSA,,CLT,2025-12-19 21:44:00+00:00,2025-12-20 00:04:00+00:00,A9,,15.0,15.0,12.425522,2,37.276566,1.6391268140480024
AAL5030,N564NN,AA,American,,CLT,2025-12-19 21:44:00+00:00,2025-12-20 00:04:00+00:00,A9,,15.0,99.0,16.142282,1,32.284564,1.4196182806176094
AAL5030,N564NN,PD,Porter,,CLT,2025-12-19 21:44:00+00:00,2025-12-20 00:04:00+00:00,A9,,15.0,15.0,12.703239,0,12.703239,0.5585873889284848
JIA5045,N595NN,OH,PSA,CLT,,2025-12-19 21:21:00+00:00,2025-12-19 23:23:00+00:00,,A9,54.0,54.0,54.03137,2,162.09411,7.127609396752009
JIA5045,N595NN,PD,Porter,CLT,,2025-12-19 21:21:00+00:00,2025-12-19 23:23:00+00:00,,A9,54.0,0.0,52.89352,1,105.78704,4.651672416465845
JIA5045,N595NN,AA,American,CLT,,2025-12-19 21:21:00+00:00,2025-12-19 23:23:00+00:00,,A9,54.0,54.0,53.151356,0,53.151356,2.337173784264655
RPA4438,N654RW,BA,British,LGA,,2025-12-19 22:18:00+00:00,2025-12-20 00:00:00+00:00,,A7,0.0,0.0,0.94725895,1,1.8945179,0.08330582515524397
RPA4438,N654RW,AA,American,LGA,,2025-12-19 22:18:00+00:00,2025-12-20 00:00:00+00:00,,A7,0.0,0.0,1.9485992,0,1.9485992,0.0856838904783366
AAL4556,N657RW,BA,British,LGA,,2025-12-19 18:30:00+00:00,2025-12-19 20:12:00+00:00,,A7,108.0,108.0,107.36246,2,322.08738,14.162840563813424
RPA4556,N657RW,AA,American,LGA,,2025-12-19 18:30:00+00:00,2025-12-19 20:12:00+00:00,,A7,108.0,0.0,106.9808,1,213.9616,9.408328968301776
RPA4556,N657RW,YX,Republic,LGA,,2025-12-19 18:30:00+00:00,2025-12-19 20:12:00+00:00,,A7,108.0,108.0,108.551056,0,108.551056,4.773211850652399
AAL5864,N694AE,PD,Porter,PHL,,2025-12-19 20:40:00+00:00,2025-12-19 22:29:00+00:00,,A9,0.0,0.0,0.0,6,0.0,0.0
AAL5864,N694AE,QR,Qatar,PHL,,2025-12-19 20:40:00+00:00,2025-12-19 22:29:00+00:00,,A9,0.0,0.0,0.9710943,5,5.8265658,0.2562060098721285
AAL5864,N694AE,PI,Polar,PHL,,2025-12-19 20:40:00+00:00,2025-12-19 22:29:00+00:00,,A9,0.0,0.0,0.0,4,0.0,0.0
AAL5864,N694AE,AA,American,PHL,,2025-12-19 20:40:00+00:00,2025-12-19 22:29:00+00:00,,A9,0.0,0.0,0.017851656,3,0.071406624,0.0031398952387149508
PDT5886,N694AE,AA,American,,PHL,2025-12-19 23:15:00+00:00,2025-12-20 01:00:00+00:00,A9,,0.0,0.0,0.0,2,0.0,0.0
PDT5886,N694AE,PD,Porter,,PHL,2025-12-19 23:15:00+00:00,2025-12-20 01:00:00+00:00,A9,,0.0,0.0,0.0,1,0.0,0.0
PDT5886,N694AE,PI,Polar,,PHL,2025-12-19 23:15:00+00:00,2025-12-20 01:00:00+00:00,A9,,0.0,0.0,2.7238522,0,2.7238522,0.11977334979095558
UAL2462,N69816,UA,United,,SFO,2025-12-19 22:55:00+00:00,2025-12-20 04:53:00+00:00,F97,E11,0.0,0.0,21.753965,0,21.753965,0.9565663141653594
UAL3453,N721YX,AV,Avianca,IAD,,2025-12-19 22:16:00+00:00,2025-12-19 23:57:00+00:00,,F62,0.0,0.0,0.0,5,0.0,0.0
UAL3453,N721YX,UA,United,IAD,,2025-12-19 22:16:00+00:00,2025-12-19 23:57:00+00:00,,F62,0.0,0.0,2.6161766,4,13.080883,0.5751931676518881
UAL3453,N721YX,AC,Air Canada,IAD,,2025-12-19 22:16:00+00:00,2025-12-19 23:57:00+00:00,,F62,0.0,0.0,0.09504815,3,0.3801926,0.016717845875680357
UAL3453,N721YX,CM,Copa,IAD,,2025-12-19 22:16:00+00:00,2025-12-19 23:57:00+00:00,,F62,0.0,0.0,0.0,2,0.0,0.0
RPA3453,N721YX,YX,Republic,LGA,,2025-12-19 22:18:00+00:00,2025-12-20 00:00:00+00:00,,A7,0.0,0.0,3.3256454,1,6.6512908,0.2924708541637336
RPA3453,N721YX,UA,United,IAD,,,2025-12-20 00:00:00+00:00,,A7,0.0,0.0,14.090074,0,14.090074,0.6195693590799268
AVA325,N764AV,AV,Avianca,,SAL,2025-12-19 21:00:00+00:00,2025-12-20 02:15:00+00:00,E83,,22.0,0.0,10.66872,1,21.33744,0.938250858384874
AVA325,N764AV,AC,Air Canada,,SAL,2025-12-19 21:00:00+00:00,2025-12-20 02:15:00+00:00,E83,,22.0,22.0,21.454937,0,21.454937,0.9434174416820101
RPA3557,N768YX,UA,United,EWR,,2025-12-19 22:18:00+00:00,2025-12-20 00:17:00+00:00,,F96,72.0,0.0,61.111504,1,122.223008,5.374395530596984
RPA3557,N768YX,AC,Air Canada,EWR,,2025-12-19 22:18:00+00:00,2025-12-20 00:17:00+00:00,,F96,72.0,72.0,70.67937,0,70.67937,3.1079163935599636
UAL3622,N786YX,UA,United,EWR,,2025-12-19 21:00:00+00:00,2025-12-19 22:49:00+00:00,,F60,1.0,0.0,12.0793,1,24.1586,1.0623030310748063
UAL3622,N786YX,AC,Air Canada,EWR,,2025-12-19 21:00:00+00:00,2025-12-19 22:49:00+00:00,,F60,1.0,1.0,1.239731,0,1.239731,0.05451350653669503
UAL2236,N833UA,UA,United,,IAH,2025-12-19 20:45:00+00:00,2025-12-20 00:49:00+00:00,F97,,0.0,0.0,8.970783,2,26.912349000000003,1.1833910042818307
UAL2236,N833UA,AC,Air Canada,,IAH,2025-12-19 20:45:00+00:00,2025-12-20 00:49:00+00:00,F97,,0.0,0.0,23.203918,1,46.407836,2.0406474236264733
UAL2236,N833UA,NZ,Air New Zealand,,IAH,2025-12-19 20:45:00+00:00,2025-12-20 00:49:00+00:00,F97,,0.0,0.0,2.8978329,0,2.8978329,0.12742363685057478
UAL568,N850UA,AC,Air Canada,,DEN,2025-12-19 21:10:00+00:00,2025-12-20 01:10:00+00:00,F82,,32.0,32.0,29.677135,1,59.35427,2.6099285938850945
UAL568,N850UA,UA,United,,DEN,2025-12-19 21:10:00+00:00,2025-12-20 01:10:00+00:00,F82,,32.0,0.0,9.878353,0,9.878353,0.4343713764012363
AAL5885,N902BC,PD,Porter,PHL,,2025-12-19 18:41:00+00:00,2025-12-19 20:30:00+00:00,,A9,38.0,38.0,37.133823,7,297.070584,13.062800900149961
PDT5885,N902BC,AA,American,PHL,,2025-12-19 18:41:00+00:00,2025-12-19 20:30:00+00:00,,A9,38.0,38.0,38.897655,6,272.283585,11.972865880366191
AAL5885,N902BC,PI,Polar,PHL,,2025-12-19 18:41:00+00:00,2025-12-19 20:30:00+00:00,,A9,38.0,0.0,37.93049,5,227.58294,10.007287135136796
AAL5885,N902BC,QR,Qatar,PHL,,2025-12-19 18:41:00+00:00,2025-12-19 20:30:00+00:00,,A9,38.0,38.0,38.01867,4,190.09335,8.35879322030929
AAL5885,N902BC,AA,American,,PHL,2025-12-19 21:06:00+00:00,2025-12-19 22:51:00+00:00,A9,,30.0,30.0,29.368284,3,117.473136,5.165533948269475
AAL5885,N902BC,QR,Qatar,,PHL,2025-12-19 21:06:00+00:00,2025-12-19 22:51:00+00:00,A9,,30.0,30.0,30.784374,2,92.353122,4.060955578130413
AAL5885,N902BC,PI,Polar,,PHL,2025-12-19 21:06:00+00:00,2025-12-19 22:51:00+00:00,A9,,30.0,30.0,30.376808,1,60.753616,2.671460698283628
AAL5885,N902BC,PD,Porter,,PHL,2025-12-19 21:06:00+00:00,2025-12-19 22:51:00+00:00,A9,,30.0,38.0,30.030268,0,30.030268,1.3204922768864404
DAL5146,N909XJ,VS,Virgin Atlantic,DTW,,2025-12-19 18:27:00+00:00,2025-12-19 19:48:00+00:00,,A6,69.0,0.0,68.11934,8,613.0740599999999,26.958119767343206
DAL5146,N909XJ,WS,WestJet,DTW,,2025-12-19 18:27:00+00:00,2025-12-19 19:48:00+00:00,,A6,69.0,69.0,69.132576,7,553.060608,24.319205593307363
EDV5146,N909XJ,DL,Delta Air Lines,DTW,,2025-12-19 18:27:00+00:00,2025-12-19 19:48:00+00:00,,A6,69.0,69.0,68.45928,6,479.21496,21.072061483049186
DAL5146,N909XJ,KL,KLM,DTW,,2025-12-19 18:27:00+00:00,2025-12-19 19:48:00+00:00,,A6,69.0,69.0,67.80706,5,406.84236000000004,17.889690304803572
EDV4881,N909XJ,VS,Virgin Atlantic,,DTW,2025-12-19 20:38:00+00:00,2025-12-19 22:07:00+00:00,A6,,65.0,69.0,64.963135,4,324.81567499999994,14.282809272603094
EDV4881,N909XJ,KL,KLM,,DTW,2025-12-19 20:38:00+00:00,2025-12-19 22:07:00+00:00,A6,,65.0,65.0,64.21577,3,256.86308,11.29479475032537
EDV4881,N909XJ,WS,WestJet,,DTW,2025-12-19 20:38:00+00:00,2025-12-19 22:07:00+00:00,A6,,65.0,65.0,68.53359,2,205.60077,9.04068618058638
EDV4881,N909XJ,AF,Air France,,DTW,2025-12-19 20:38:00+00:00,2025-12-19 22:07:00+00:00,A6,,65.0,65.0,62.689598,1,125.379196,5.513179569367522
DAL4881,N909XJ,DL,Delta Air Lines,,DTW,2025-12-19 20:38:00+00:00,2025-12-19 22:07:00+00:00,A6,,65.0,65.0,64.188965,0,64.188965,2.8225200169320512
EDV5019,N919XJ,WS,WestJet,LGA,,2025-12-19 23:29:00+00:00,2025-12-20 01:20:00+00:00,,A6,0.0,0.0,0.0,1,0.0,0.0
EDV5019,N919XJ,DL,Delta Air Lines,LGA,,2025-12-19 23:29:00+00:00,2025-12-20 01:20:00+00:00,,A6,0.0,0.0,0.0,0,0.0,0.0
AAL1111,N987NN,QF,Qantas,DFW,,2025-12-19 18:19:00+00:00,2025-12-19 21:19:00+00:00,,A8,0.0,0.0,0.0,11,0.0,0.0
AAL1111,N987NN,PD,Porter,DFW,,2025-12-19 18:19:00+00:00,2025-12-19 21:19:00+00:00,,A8,0.0,0.0,4.4830422,10,49.3134642,2.1684138357545115
AAL1111,N987NN,AA,American,DFW,,2025-12-19 18:19:00+00:00,2025-12-19 21:19:00+00:00,,A8,0.0,0.0,0.0,9,0.0,0.0
AAL1111,N987NN,AS,Alaska,DFW,,2025-12-19 18:19:00+00:00,2025-12-19 21:19:00+00:00,,A8,0.0,0.0,0.6463808,8,5.8174272,0.2558041669474648
AAL1111,N987NN,G3,Gol,DFW,,2025-12-19 18:19:00+00:00,2025-12-19 21:19:00+00:00,,A8,0.0,0.0,0.17357832,7,1.38862656,0.061060748707250485
AAL1111,N987NN,QR,Qatar,DFW,,2025-12-19 18:19:00+00:00,2025-12-19 21:19:00+00:00,,A8,0.0,0.0,0.0,6,0.0,0.0
AAL1111,N987NN,AS,Alaska,,DFW,2025-12-19 22:14:00+00:00,2025-12-20 01:54:00+00:00,A8,,0.0,0.0,1.3695723,5,8.2174338,0.36133736364675784
AAL1111,N987NN,G3,Gol,,DFW,2025-12-19 22:14:00+00:00,2025-12-20 01:54:00+00:00,A8,,0.0,0.0,4.430129,4,22.150645,0.9740091447253567
AAL1111,N987NN,QR,Qatar,,DFW,2025-12-19 22:14:00+00:00,2025-12-20 01:54:00+00:00,A8,,0.0,0.0,0.0,3,0.0,0.0
AAL1111,N987NN,AA,American,,DFW,2025-12-19 22:14:00+00:00,2025-12-20 01:54:00+00:00,A8,,0.0,0.0,0.0,2,0.0,0.0
AAL1111,N987NN,PD,Porter,,DFW,2025-12-19 22:14:00+00:00,2025-12-20 01:54:00+00:00,A8,,0.0,0.0,0.0,1,0.0,0.0
AAL1111,N987NN,QF,Qantas,,DFW,2025-12-19 22:14:00+00:00,2025-12-20 01:54:00+00:00,A8,,0.0,0.0,0.0,0,0.0,0.0
,PH-BQN,VS,Virgin Atlantic,AMS,,2025-12-19 12:25:00+00:00,2025-12-19 20:40:00+00:00,D10,C35,8.0,8.0,7.482896,3,29.931584,1.3161529396600042
,PH-BQN,KL,KLM,AMS,,2025-12-19 12:25:00+00:00,2025-12-19 20:40:00+00:00,D10,C35,8.0,8.0,7.933705,2,23.801115,1.0465836847938224
,PH-BQN,AF,Air France,AMS,,2025-12-19 12:25:00+00:00,2025-12-19 20:40:00+00:00,D10,C35,8.0,8.0,6.7220864,1,13.4441728,0.5911677628560209
,PH-BQN,DL,Delta Air Lines,AMS,,2025-12-19 12:25:00+00:00,2025-12-19 20:40:00+00:00,D10,C35,8.0,0.0,9.121725,0,9.121725,0.4011008964149759
PAL118,RP-C3508,PR,Philippine,MNL,,2025-12-19 12:10:00+00:00,2025-12-20 03:10:00+00:00,,C31,0.0,0.0,1.0100445,0,1.0100445,0.04441372156790697
SAS949,SE-DMR,SK,SAS,CPH,,2025-12-19 11:50:00+00:00,2025-12-19 20:40:00+00:00,E101,B41,54.0,0.0,55.57003,0,55.57003,2.443527824704988
LOT45,SP-LSF,LO,LOT - Polish,WAW,,2025-12-19 16:00:00+00:00,2025-12-20 01:40:00+00:00,19N,E71,0.0,0.0,0.0,1,0.0,0.0
LOT45,SP-LSF,AC,Air Canada,WAW,,2025-12-19 16:00:00+00:00,2025-12-20 01:40:00+00:00,19N,E71,0.0,0.0,3.290173,0,3.290173,0.14467563313521845
ICE605,TF-ICP,FI,Icelandair,KEF,,2025-12-19 16:45:00+00:00,2025-12-19 23:00:00+00:00,D28,B40,23.0,0.0,21.860212,0,21.860212,0.9612382119633528
