callSign,aircraft.reg,airline.iata,airline.name,departure.airport.iata,arrival.airport.iata,departure.scheduledTime.utc,arrival.scheduledTime.utc,departure.gate,arrival.gate,ARR_DELAY,PRIOR_LEG_DELAY,PREDICTED_DELAY
PIA781,AP-BGY,PK,Pakistan International,ISB,,2025-12-19 09:30:00+00:00,2025-12-19 23:30:00+00:00,,C35,45.0,0.0,44.803696
ACA887,C-FGEO,AC,Air Canada,VIE,,2025-12-19 09:35:00+00:00,2025-12-19 18:50:00+00:00,G36,E80,203.0,0.0,202.29564
ACA10,C-FNNW,AC,Air Canada,NRT,,2025-12-19 09:45:00+00:00,2025-12-19 21:45:00+00:00,,E72,18.0,0.0,25.283884
ACA10,C-FNNW,NH,ANA,NRT,,2025-12-19 09:45:00+00:00,2025-12-19 21:45:00+00:00,,E72,18.0,18.0,16.489824
ACA2,C-FIVR,AC,Air Canada,HND,,2025-12-19 09:50:00+00:00,2025-12-19 22:05:00+00:00,,E71,0.0,0.0,0.0
ACA81,C-FVND,AC,Air Canada,TLV,,2025-12-19 09:55:00+00:00,2025-12-19 22:05:00+00:00,,E80,215.0,0.0,209.31834
ACA81,C-FVND,UA,United,TLV,,2025-12-19 09:55:00+00:00,2025-12-19 22:05:00+00:00,,E80,215.0,215.0,215.83095
ACA837,C-FIVM,LH,Lufthansa,MUC,,2025-12-19 10:50:00+00:00,2025-12-19 19:50:00+00:00,,E79,147.0,0.0,146.38733
ACA837,C-FIVM,OS,Austrian,MUC,,2025-12-19 10:50:00+00:00,2025-12-19 19:50:00+00:00,,E79,147.0,147.0,148.14711
ACA837,C-FIVM,A3,Aegean,MUC,,2025-12-19 10:50:00+00:00,2025-12-19 19:50:00+00:00,,E79,147.0,147.0,146.61707
ACA837,C-FIVM,OU,Croatia,MUC,,2025-12-19 10:50:00+00:00,2025-12-19 19:50:00+00:00,,E79,147.0,147.0,147.38495
ACA837,C-FIVM,UA,United,MUC,,2025-12-19 10:50:00+00:00,2025-12-19 19:50:00+00:00,,E79,147.0,147.0,146.89816
ACA837,C-FIVM,AC,Air Canada,MUC,,2025-12-19 10:50:00+00:00,2025-12-19 19:50:00+00:00,,E79,147.0,147.0,147.26059
,D-ANRA,DE,Condor,FRA,,2025-12-19 10:50:00+00:00,2025-12-19 19:45:00+00:00,B61,C30,168.0,0.0,164.5411
,D-ANRA,WS,WestJet,FRA,,2025-12-19 10:50:00+00:00,2025-12-19 19:45:00+00:00,B61,C30,168.0,168.0,167.47664
CPA826,B-LXP,CX,Cathay Pacific,HKG,,2025-12-19 11:20:00+00:00,2025-12-20 02:00:00+00:00,69,C34,0.0,0.0,3.3455849
EVA036,B-16721,BR,EVA Air,TPE,,2025-12-19 11:20:00+00:00,2025-12-20 01:20:00+00:00,C4,E75,0.0,0.0,0.5354277
SAS949,SE-DMR,SK,SAS,CPH,,2025-12-19 11:50:00+00:00,2025-12-19 20:40:00+00:00,E101,B41,54.0,0.0,55.57003
PAL118,RP-C3508,PR,Philippine,MNL,,2025-12-19 12:10:00+00:00,2025-12-20 03:10:00+00:00,,C31,0.0,0.0,1.0100445
ACA881,C-FITW,UA,United,ZRH,,2025-12-19 12:20:00+00:00,2025-12-19 21:25:00+00:00,E34,E73,16.0,16.0,16.517056
ACA881,C-FITW,LX,SWISS,ZRH,,2025-12-19 12:20:00+00:00,2025-12-19 21:25:00+00:00,E34,E73,16.0,16.0,15.792451
ACA881,C-FITW,TG,Thai  International,ZRH,,2025-12-19 12:20:00+00:00,2025-12-19 21:25:00+00:00,E34,E73,16.0,16.0,16.006779
ACA881,C-FITW,AC,Air Canada,ZRH,,2025-12-19 12:20:00+00:00,2025-12-19 21:25:00+00:00,E34,E73,16.0,16.0,16.175362
ACA881,C-FITW,LH,Lufthansa,ZRH,,2025-12-19 12:20:00+00:00,2025-12-19 21:25:00+00:00,E34,E73,16.0,16.0,16.094734
ACA881,C-FITW,OS,Austrian,ZRH,,2025-12-19 12:20:00+00:00,2025-12-19 21:25:00+00:00,E34,E73,16.0,0.0,16.417772
ACA881,C-FITW,OU,Croatia,ZRH,,2025-12-19 12:20:00+00:00,2025-12-19 21:25:00+00:00,E34,E73,16.0,16.0,15.734664
,PH-BQN,VS,Virgin Atlantic,AMS,,2025-12-19 12:25:00+00:00,2025-12-19 20:40:00+00:00,D10,C35,8.0,8.0,7.482896
,PH-BQN,KL,KLM,AMS,,2025-12-19 12:25:00+00:00,2025-12-19 20:40:00+00:00,D10,C35,8.0,8.0,7.933705
,PH-BQN,AF,Air France,AMS,,2025-12-19 12:25:00+00:00,2025-12-19 20:40:00+00:00,D10,C35,8.0,8.0,6.7220864
,PH-BQN,DL,Delta Air Lines,AMS,,2025-12-19 12:25:00+00:00,2025-12-19 20:40:00+00:00,D10,C35,8.0,0.0,9.121725
DLH470,D-ABPA,LH,Lufthansa,FRA,,2025-12-19 12:40:00+00:00,2025-12-19 21:15:00+00:00,B22,E76,24.0,0.0,22.960682
,D-ABPA,AC,Air Canada,FRA,,2025-12-19 12:40:00+00:00,2025-12-19 21:15:00+00:00,B22,E76,24.0,24.0,23.358713
AFR356,F-GZNR,AF,Air France,CDG,,2025-12-19 13:00:00+00:00,2025-12-19 21:25:00+00:00,,C34,12.0,0.0,13.144476
ACA857,C-GHPT,AC,Air Canada,LHR,,2025-12-19 13:00:00+00:00,2025-12-19 21:00:00+00:00,,DIV2,25.0,0.0,25.027967
POE604,C-GKYN,TS,Air Transat,LGA,,2025-12-19 14:55:00+00:00,2025-12-19 16:35:00+00:00,,C37A,346.0,346.0,347.22385
POE604,C-GKYN,PD,Porter,LGA,,2025-12-19 14:55:00+00:00,2025-12-19 16:35:00+00:00,,C37A,346.0,0.0,343.37952
WJA4250,C-FZWS,WS,WestJet,YWG,,2025-12-19 15:00:00+00:00,2025-12-19 17:37:00+00:00,10,B29,390.0,0.0,386.1735
JZA691,C-FEJD,AC,Air Canada,BOS,,2025-12-19 15:45:00+00:00,2025-12-19 17:48:00+00:00,,F96,216.0,0.0,215.1596
LOT45,SP-LSF,LO,LOT - Polish,WAW,,2025-12-19 16:00:00+00:00,2025-12-20 01:40:00+00:00,19N,E71,0.0,0.0,0.0
LOT45,SP-LSF,AC,Air Canada,WAW,,2025-12-19 16:00:00+00:00,2025-12-20 01:40:00+00:00,19N,E71,0.0,0.0,3.290173
,C-FGHZ,UA,United,FRA,,2025-12-19 16:10:00+00:00,2025-12-20 00:45:00+00:00,B22,E79,5.0,0.0,4.631001
,C-FGHZ,MS,EgyptAir,FRA,,2025-12-19 16:10:00+00:00,2025-12-20 00:45:00+00:00,B22,E79,5.0,5.0,5.644474
,C-FGHZ,OU,Croatia,FRA,,2025-12-19 16:10:00+00:00,2025-12-20 00:45:00+00:00,B22,E79,5.0,5.0,5.103655
,C-FGHZ,LH,Lufthansa,FRA,,2025-12-19 16:10:00+00:00,2025-12-20 00:45:00+00:00,B22,E79,5.0,5.0,5.4429345
,C-FGHZ,A3,Aegean,FRA,,2025-12-19 16:10:00+00:00,2025-12-20 00:45:00+00:00,B22,E79,5.0,5.0,4.7746105
,C-FGHZ,OS,Austrian,FRA,,2025-12-19 16:10:00+00:00,2025-12-20 00:45:00+00:00,B22,E79,5.0,5.0,5.68991
ACA843,C-FGHZ,AC,Air Canada,FRA,,2025-12-19 16:10:00+00:00,2025-12-20 00:45:00+00:00,B22,E79,5.0,5.0,4.5756454
RPA4623,N439YX,YX,Republic,LGA,,2025-12-19 16:19:00+00:00,2025-12-19 18:00:00+00:00,,A14,310.0,0.0,305.36493
RPA4623,N439YX,AA,American,LGA,,2025-12-19 16:19:00+00:00,2025-12-19 18:00:00+00:00,,A14,310.0,310.0,308.2473
EDV5094,N478PX,DL,Delta Air Lines,LGA,,2025-12-19 16:30:00+00:00,2025-12-19 18:19:00+00:00,,A6,158.0,158.0,158.82153
DAL5094,N478PX,WS,WestJet,LGA,,2025-12-19 16:30:00+00:00,2025-12-19 18:19:00+00:00,,A6,158.0,0.0,159.88428
ACA738,C-GEKH,AC,Air Canada,SFO,,2025-12-19 16:30:00+00:00,2025-12-19 21:28:00+00:00,C4,F95,5.0,0.0,5.6455646
ACA104,C-FRTU,VA,Virgin Australia,YVR,,2025-12-19 16:45:00+00:00,2025-12-19 21:09:00+00:00,C49,D43,5.0,0.0,4.751537
ACA104,C-FRTU,AC,Air Canada,YVR,,2025-12-19 16:45:00+00:00,2025-12-19 21:09:00+00:00,C49,D43,5.0,5.0,2.5701485
ACA104,C-FRTU,OS,Austrian,YVR,,2025-12-19 16:45:00+00:00,2025-12-19 21:09:00+00:00,C49,D43,5.0,5.0,4.869638
ICE605,TF-ICP,FI,Icelandair,KEF,,2025-12-19 16:45:00+00:00,2025-12-19 23:00:00+00:00,D28,B40,23.0,0.0,21.860212
UAL608,N26210,UA,United,SFO,,2025-12-19 16:49:00+00:00,2025-12-19 21:52:00+00:00,E11,F97,0.0,0.0,1.0349674
TSC327,C-GTSR,TS,Air Transat,CUN,,2025-12-19 16:55:00+00:00,2025-12-19 20:50:00+00:00,,B15A,0.0,0.0,2.1591027
ACA141,C-GJWO,AC,Air Canada,,YYC,2025-12-19 17:00:00+00:00,2025-12-19 21:24:00+00:00,D44,C52,271.0,0.0,324.88174
ACA693,C-GWUS,AC,Air Canada,YYT,,2025-12-19 17:00:00+00:00,2025-12-19 20:51:00+00:00,,D26,8.0,8.0,7.494214
ACA693,C-GWUS,LH,Lufthansa,YYT,,2025-12-19 17:00:00+00:00,2025-12-19 20:51:00+00:00,,D26,8.0,8.0,8.675664
ACA693,C-GWUS,UA,United,YYT,,2025-12-19 17:00:00+00:00,2025-12-19 20:51:00+00:00,,D26,8.0,0.0,5.1573257
WJA1113,C-FUSM,DL,Delta Air Lines,FLL,,2025-12-19 17:00:00+00:00,2025-12-19 20:17:00+00:00,,A18,53.0,53.0,54.989735
WJA1113,C-FUSM,AF,Air France,FLL,,2025-12-19 17:00:00+00:00,2025-12-19 20:17:00+00:00,,A18,53.0,53.0,53.647957
WJA1113,C-FUSM,WS,WestJet,FLL,,2025-12-19 17:00:00+00:00,2025-12-19 20:17:00+00:00,,A18,53.0,0.0,53.48135
BAW99,G-ZBJB,BA,British,LHR,,2025-12-19 17:05:00+00:00,2025-12-20 01:15:00+00:00,,C32,12.0,0.0,8.619502
ROU1795,C-GFCI,AC,Air Canada,PUJ,,2025-12-19 17:05:00+00:00,2025-12-19 21:50:00+00:00,,F98,39.0,0.0,40.791145
WJA384,C-GORP,WS,WestJet,YWG,,2025-12-19 17:10:00+00:00,2025-12-19 19:40:00+00:00,6,B40,79.0,0.0,87.39469
FLE622,C-FLDX,F8,Flair,YYC,,2025-12-19 17:15:00+00:00,2025-12-19 21:25:00+00:00,A16,B4,96.0,0.0,40.66702
ACA1201,C-FSEQ,AC,Air Canada,MIA,,2025-12-19 17:20:00+00:00,2025-12-19 20:40:00+00:00,,F57,93.0,0.0,90.292274
ACA1932,C-GBIN,LH,Lufthansa,YXE,,2025-12-19 17:30:00+00:00,2025-12-19 20:52:00+00:00,5,D40,55.0,0.0,53.08156
ACA1932,C-GBIN,UA,United,YXE,,2025-12-19 17:30:00+00:00,2025-12-19 20:52:00+00:00,5,D40,55.0,55.0,52.908695
ACA1932,C-GBIN,AC,Air Canada,YXE,,2025-12-19 17:30:00+00:00,2025-12-19 20:52:00+00:00,5,D40,55.0,55.0,56.522896
ACA1932,C-GBIN,LO,LOT - Polish,YXE,,2025-12-19 17:30:00+00:00,2025-12-19 20:52:00+00:00,5,D40,55.0,55.0,55.694286
ACA1,C-FITL,AC,Air Canada,,HND,2025-12-19 17:30:00+00:00,2025-12-20 07:40:00+00:00,E79,,194.0,0.0,188.78978
TAP261,CS-TXA,TP,TAP Air Portugal,LIS,,2025-12-19 17:30:00+00:00,2025-12-20 02:15:00+00:00,,E81,0.0,0.0,1.6252612
ACA34,C-FNND,VA,Virgin Australia,YVR,,2025-12-19 17:30:00+00:00,2025-12-19 21:59:00+00:00,C50,D24,0.0,0.0,0.0
ACA34,C-FNND,AC,Air Canada,YVR,,2025-12-19 17:30:00+00:00,2025-12-19 21:59:00+00:00,C50,D24,0.0,0.0,2.4968023
ACA34,C-FNND,NZ,Air New Zealand,YVR,,2025-12-19 17:30:00+00:00,2025-12-19 21:59:00+00:00,C50,D24,0.0,0.0,2.612711
TSC517,C-GUBA,TS,Air Transat,MBJ,,2025-12-19 17:35:00+00:00,2025-12-19 21:45:00+00:00,,C32,18.0,18.0,15.9895525
TSC517,C-GUBA,F8,Flair,MBJ,,2025-12-19 17:35:00+00:00,2025-12-19 21:45:00+00:00,,C32,18.0,0.0,19.08108
FLE626,C-FLKA,F8,Flair,YYC,,2025-12-19 17:40:00+00:00,2025-12-19 21:50:00+00:00,A19,B5,0.0,0.0,40.66702
FLE2611,C-FLUJ,F8,Flair,CUN,,2025-12-19 17:40:00+00:00,2025-12-19 21:45:00+00:00,,B28,82.0,0.0,78.368805
ACA743,C-FHMO,AC,Air Canada,,SFO,2025-12-19 17:40:00+00:00,2025-12-19 23:25:00+00:00,F51,D11,399.0,0.0,324.88174
ACA8236,C-GBJZ,AC,Air Canada,YSB,,2025-12-19 17:45:00+00:00,2025-12-19 18:51:00+00:00,,D3,116.0,0.0,109.02763
JZA989,C-GJIZ,AC,Air Canada,LGA,,2025-12-19 17:45:00+00:00,2025-12-19 19:28:00+00:00,,F84,109.0,0.0,112.494095
TSC741,C-GUFZ,TS,Air Transat,POP,,2025-12-19 17:50:00+00:00,2025-12-19 22:15:00+00:00,,C33,0.0,0.0,2.187867
RZO323,CS-TSJ,S4,Azores,PDL,,2025-12-19 17:50:00+00:00,2025-12-20 00:50:00+00:00,,B40,0.0,0.0,3.6858056
ACA592,C-GYLQ,AC,Air Canada,IAH,,2025-12-19 17:55:00+00:00,2025-12-19 21:05:00+00:00,,F66,234.0,0.0,231.85281
ACA592,C-GYLQ,OS,Austrian,IAH,,2025-12-19 17:55:00+00:00,2025-12-19 21:05:00+00:00,,F66,234.0,234.0,234.22757
ACA592,C-GYLQ,UA,United,IAH,,2025-12-19 17:55:00+00:00,2025-12-19 21:05:00+00:00,,F66,234.0,234.0,232.94771
ACA859,C-FIUW,AC,Air Canada,LHR,,2025-12-19 18:00:00+00:00,2025-12-20 02:10:00+00:00,,E74,0.0,0.0,9.834215
WJA712,C-FBWI,WS,WestJet,YVR,,2025-12-19 18:00:00+00:00,2025-12-19 22:41:00+00:00,B15,B19,0.0,0.0,0.8688397
WJA712,C-FBWI,S4,Azores,YVR,,2025-12-19 18:00:00+00:00,2025-12-19 22:41:00+00:00,B15,B19,0.0,0.0,0.0
WJA712,C-FBWI,AF,Air France,YVR,,2025-12-19 18:00:00+00:00,2025-12-19 22:41:00+00:00,B15,B19,0.0,0.0,0.0
WJA712,C-FBWI,VS,Virgin Atlantic,YVR,,2025-12-19 18:00:00+00:00,2025-12-19 22:41:00+00:00,B15,B19,0.0,0.0,0.0
WJA712,C-FBWI,DL,Delta Air Lines,YVR,,2025-12-19 18:00:00+00:00,2025-12-19 22:41:00+00:00,B15,B19,0.0,0.0,0.18195403
WJA712,C-FBWI,QF,Qantas,YVR,,2025-12-19 18:00:00+00:00,2025-12-19 22:41:00+00:00,B15,B19,0.0,0.0,0.0
ACA1291,C-GNGV,AC,Air Canada,RSW,,2025-12-19 18:04:00+00:00,2025-12-19 20:25:00+00:00,,F55,41.0,41.0,42.86203
ACA1291,C-GNGV,LH,Lufthansa,RSW,,2025-12-19 18:04:00+00:00,2025-12-19 20:25:00+00:00,,F55,41.0,0.0,41.94807
ACA413,C-GJVT,EI,Aer Lingus,YUL,,2025-12-19 18:10:00+00:00,2025-12-19 19:40:00+00:00,A49,D51,77.0,77.0,76.885574
ACA413,C-GJVT,AC,Air Canada,YUL,,2025-12-19 18:10:00+00:00,2025-12-19 19:40:00+00:00,A49,D51,77.0,77.0,79.3556
ACA413,C-GJVT,AV,Avianca,YUL,,2025-12-19 18:10:00+00:00,2025-12-19 19:40:00+00:00,A49,D51,77.0,77.0,75.177055
ACA413,C-GJVT,OS,Austrian,YUL,,2025-12-19 18:10:00+00:00,2025-12-19 19:40:00+00:00,A49,D51,77.0,0.0,74.48748
ACA166,C-GITU,AC,Air Canada,YEG,,2025-12-19 18:15:00+00:00,2025-12-19 22:08:00+00:00,52,D37,15.0,0.0,30.090542
ACA1323,C-FSLU,AC,Air Canada,PLS,,2025-12-19 18:15:00+00:00,2025-12-19 22:25:00+00:00,,E80,80.0,0.0,85.37876
AAL1111,N987NN,QF,Qantas,DFW,,2025-12-19 18:19:00+00:00,2025-12-19 21:19:00+00:00,,A8,0.0,0.0,0.0
AAL1111,N987NN,PD,Porter,DFW,,2025-12-19 18:19:00+00:00,2025-12-19 21:19:00+00:00,,A8,0.0,0.0,4.4830422
AAL1111,N987NN,AA,American,DFW,,2025-12-19 18:19:00+00:00,2025-12-19 21:19:00+00:00,,A8,0.0,0.0,0.0
AAL1111,N987NN,AS,Alaska,DFW,,2025-12-19 18:19:00+00:00,2025-12-19 21:19:00+00:00,,A8,0.0,0.0,0.6463808
AAL1111,N987NN,G3,Gol,DFW,,2025-12-19 18:19:00+00:00,2025-12-19 21:19:00+00:00,,A8,0.0,0.0,0.17357832
AAL1111,N987NN,QR,Qatar,DFW,,2025-12-19 18:19:00+00:00,2025-12-19 21:19:00+00:00,,A8,0.0,0.0,0.0
FLE2637,C-FFBC,F8,Flair,PUJ,,2025-12-19 18:20:00+00:00,2025-12-19 23:10:00+00:00,,B25,45.0,0.0,39.49736
ACA2108,C-FGJI,AC,Air Canada,YVR,,2025-12-19 18:20:00+00:00,2025-12-19 22:55:00+00:00,C42,D35,0.0,0.0,6.576562
ACA8202,C-GIJZ,AC,Air Canada,YAM,,2025-12-19 18:25:00+00:00,2025-12-19 19:44:00+00:00,,D11,178.0,0.0,167.62468
DAL5146,N909XJ,VS,Virgin Atlantic,DTW,,2025-12-19 18:27:00+00:00,2025-12-19 19:48:00+00:00,,A6,69.0,0.0,68.11934
DAL5146,N909XJ,WS,WestJet,DTW,,2025-12-19 18:27:00+00:00,2025-12-19 19:48:00+00:00,,A6,69.0,69.0,69.132576
EDV5146,N909XJ,DL,Delta Air Lines,DTW,,2025-12-19 18:27:00+00:00,2025-12-19 19:48:00+00:00,,A6,69.0,69.0,68.45928
DAL5146,N909XJ,KL,KLM,DTW,,2025-12-19 18:27:00+00:00,2025-12-19 19:48:00+00:00,,A6,69.0,69.0,67.80706
ACA973,C-GEHY,AC,Air Canada,GCM,,2025-12-19 18:30:00+00:00,2025-12-19 22:35:00+00:00,,E81,0.0,0.0,7.544276
AAL4556,N657RW,BA,British,LGA,,2025-12-19 18:30:00+00:00,2025-12-19 20:12:00+00:00,,A7,108.0,108.0,107.36246
WJA2133,C-FWCN,WS,WestJet,CUN,,2025-12-19 18:30:00+00:00,2025-12-19 22:31:00+00:00,,B23,74.0,0.0,70.14145
RPA4556,N657RW,AA,American,LGA,,2025-12-19 18:30:00+00:00,2025-12-19 20:12:00+00:00,,A7,108.0,0.0,106.9808
RPA4556,N657RW,YX,Republic,LGA,,2025-12-19 18:30:00+00:00,2025-12-19 20:12:00+00:00,,A7,108.0,108.0,108.551056
WJA634,C-FNWD,WS,WestJet,YYC,,2025-12-19 18:30:00+00:00,2025-12-19 22:28:00+00:00,C51,B20,35.0,0.0,32.766712
WJA634,C-FNWD,AF,Air France,YYC,,2025-12-19 18:30:00+00:00,2025-12-19 22:28:00+00:00,C51,B20,35.0,35.0,34.10144
WJA634,C-FNWD,AM,Aeromexico,YYC,,2025-12-19 18:30:00+00:00,2025-12-19 22:28:00+00:00,C51,B20,35.0,35.0,34.90476
WJA634,C-FNWD,S4,Azores,YYC,,2025-12-19 18:30:00+00:00,2025-12-19 22:28:00+00:00,C51,B20,35.0,35.0,34.442307
WJA634,C-FNWD,VS,Virgin Atlantic,YYC,,2025-12-19 18:30:00+00:00,2025-12-19 22:28:00+00:00,C51,B20,35.0,35.0,36.09808
ACA1237,C-GYFY,AC,Air Canada,PBI,,2025-12-19 18:30:00+00:00,2025-12-19 20:50:00+00:00,,F53,43.0,0.0,40.817726
ACA2198,C-GHPV,AC,Air Canada,YWG,,2025-12-19 18:35:00+00:00,2025-12-19 21:00:00+00:00,6,124,230.0,0.0,225.51768
ACA142,C-GMYU,OS,Austrian,YYC,,2025-12-19 18:40:00+00:00,2025-12-19 22:38:00+00:00,A24,D34,17.0,0.0,22.170927
ACA142,C-GMYU,TK,Turkish,YYC,,2025-12-19 18:40:00+00:00,2025-12-19 22:38:00+00:00,A24,D34,17.0,17.0,17.610703
ACA142,C-GMYU,LH,Lufthansa,YYC,,2025-12-19 18:40:00+00:00,2025-12-19 22:38:00+00:00,A24,D34,17.0,17.0,16.86734
ACA142,C-GMYU,AC,Air Canada,YYC,,2025-12-19 18:40:00+00:00,2025-12-19 22:38:00+00:00,A24,D34,17.0,17.0,17.614513
ROU1625,C-GFWX,AC,Air Canada,FLL,,2025-12-19 18:40:00+00:00,2025-12-19 21:50:00+00:00,,F68,48.0,48.0,46.224216
ACA1625,C-GFWX,LH,Lufthansa,FLL,,2025-12-19 18:40:00+00:00,2025-12-19 21:50:00+00:00,,F68,48.0,0.0,45.884132
AAL5885,N902BC,PD,Porter,PHL,,2025-12-19 18:41:00+00:00,2025-12-19 20:30:00+00:00,,A9,38.0,38.0,37.133823
PDT5885,N902BC,AA,American,PHL,,2025-12-19 18:41:00+00:00,2025-12-19 20:30:00+00:00,,A9,38.0,38.0,38.897655
AAL5885,N902BC,PI,Polar,PHL,,2025-12-19 18:41:00+00:00,2025-12-19 20:30:00+00:00,,A9,38.0,0.0,37.93049
AAL5885,N902BC,QR,Qatar,PHL,,2025-12-19 18:41:00+00:00,2025-12-19 20:30:00+00:00,,A9,38.0,38.0,38.01867
ACA941,C-GJWD,AC,Air Canada,NAS,,2025-12-19 18:50:00+00:00,2025-12-19 22:15:00+00:00,,E68,152.0,0.0,149.36148
ACA1399,C-GELU,AC,Air Canada,POP,,2025-12-19 18:50:00+00:00,2025-12-19 23:15:00+00:00,,F95,115.0,0.0,102.70435
JIA5030,N564NN,OH,PSA,CLT,,2025-12-19 18:58:00+00:00,2025-12-19 20:59:00+00:00,,A9,99.0,0.0,99.71007
AAL5030,N564NN,PD,Porter,CLT,,2025-12-19 18:58:00+00:00,2025-12-19 20:59:00+00:00,,A9,99.0,99.0,99.03872
JIA5030,N564NN,AA,American,CLT,,2025-12-19 18:58:00+00:00,2025-12-19 20:59:00+00:00,,A9,99.0,99.0,98.148315
ACA1042,C-GJYA,AC,Air Canada,AUS,,2025-12-19 19:05:00+00:00,2025-12-19 22:20:00+00:00,,F57,66.0,66.0,66.18246
ACA1042,C-GJYA,UA,United,AUS,,2025-12-19 19:05:00+00:00,2025-12-19 22:20:00+00:00,,F57,66.0,0.0,64.87115
ACA455,C-GMZN,OS,Austrian,YOW,,2025-12-19 19:05:00+00:00,2025-12-19 20:25:00+00:00,18,D33,79.0,0.0,72.68021
ACA455,C-GMZN,UA,United,YOW,,2025-12-19 19:05:00+00:00,2025-12-19 20:25:00+00:00,18,D33,79.0,79.0,79.0791
ACA455,C-GMZN,AC,Air Canada,YOW,,2025-12-19 19:05:00+00:00,2025-12-19 20:25:00+00:00,18,D33,79.0,79.0,78.43882
ACA455,C-GMZN,LH,Lufthansa,YOW,,2025-12-19 19:05:00+00:00,2025-12-19 20:25:00+00:00,18,D33,79.0,79.0,79.2599
POE544,C-GKQV,TS,Air Transat,MIA,,2025-12-19 19:10:00+00:00,2025-12-19 22:30:00+00:00,,C38,2.0,2.0,2.1031764
POE544,C-GKQV,PD,Porter,MIA,,2025-12-19 19:10:00+00:00,2025-12-19 22:30:00+00:00,,C38,2.0,0.0,3.9413679
ACA1292,C-GVUO,AC,Air Canada,,RSW,2025-12-19 19:10:00+00:00,2025-12-19 22:27:00+00:00,F32,,0.0,0.0,52.66588
FLE2665,C-FLQZ,F8,Flair,GDL,,2025-12-19 19:10:00+00:00,2025-12-19 23:50:00+00:00,,B27,0.0,0.0,1.8015692
ACA1734,C-FYJP,UA,United,PSP,,2025-12-19 19:10:00+00:00,2025-12-19 23:42:00+00:00,,F95,12.0,12.0,13.29419
ACA1734,C-FYJP,AC,Air Canada,PSP,,2025-12-19 19:10:00+00:00,2025-12-19 23:42:00+00:00,,F95,12.0,0.0,11.822192
UAL5287,N145SY,NZ,Air New Zealand,ORD,,2025-12-19 19:13:00+00:00,2025-12-19 21:02:00+00:00,,F64,5.0,0.0,5.2379003
UAL5287,N145SY,UA,United,ORD,,2025-12-19 19:13:00+00:00,2025-12-19 21:02:00+00:00,,F64,5.0,5.0,4.4197555
UAL5287,N145SY,CM,Copa,ORD,,2025-12-19 19:13:00+00:00,2025-12-19 21:02:00+00:00,,F64,5.0,5.0,3.8777742
UAL5287,N145SY,NH,ANA,ORD,,2025-12-19 19:13:00+00:00,2025-12-19 21:02:00+00:00,,F64,5.0,5.0,6.2993054
UAL5287,N145SY,AC,Air Canada,ORD,,2025-12-19 19:13:00+00:00,2025-12-19 21:02:00+00:00,,F64,5.0,5.0,4.4805865
ACA987,C-GFUR,AC,Air Canada,PUJ,,2025-12-19 19:15:00+00:00,2025-12-19 23:50:00+00:00,,E72,39.0,0.0,40.86025
ACA8618,C-FKJZ,AC,Air Canada,,IAD,2025-12-19 19:15:00+00:00,2025-12-19 20:46:00+00:00,F87,,114.0,0.0,52.66588
ACA8694,C-FEJD,AC,Air Canada,,BOS,2025-12-19 19:15:00+00:00,2025-12-19 20:57:00+00:00,F96,,174.0,216.0,174.72113
JZA879,C-FEKS,AC,Air Canada,EWR,,2025-12-19 19:20:00+00:00,2025-12-19 21:04:00+00:00,,F66,11.0,0.0,8.968972
WJA2253,C-GIWJ,WS,WestJet,PLS,,2025-12-19 19:30:00+00:00,2025-12-19 23:48:00+00:00,,B29,73.0,0.0,70.08623
ACA990,C-GMIU,AC,Air Canada,MEX,,2025-12-19 19:30:00+00:00,2025-12-20 00:10:00+00:00,,E81,1.0,0.0,11.093432
POE124,C-GKQT,PD,Porter,YUL,,2025-12-19 19:30:00+00:00,2025-12-19 21:02:00+00:00,A4,B20,30.0,30.0,31.772951
POE124,C-GKQT,TS,Air Transat,YUL,,2025-12-19 19:30:00+00:00,2025-12-19 21:02:00+00:00,A4,B20,30.0,0.0,38.072342
ACA196,C-GJWI,LH,Lufthansa,YYJ,,2025-12-19 19:40:00+00:00,2025-12-20 00:16:00+00:00,13,D28,29.0,0.0,28.871622
ACA145,C-GKUH,OS,Austrian,,YYC,2025-12-19 19:40:00+00:00,2025-12-20 00:04:00+00:00,D24,C56,78.0,78.0,78.90739
ACA983,C-GHQQ,AC,Air Canada,MBJ,,2025-12-19 19:40:00+00:00,2025-12-19 23:35:00+00:00,,E71,131.0,0.0,121.44779
POE360,C-GKQN,TS,Air Transat,YYC,,2025-12-19 19:40:00+00:00,2025-12-19 23:35:00+00:00,A18,B18,39.0,39.0,37.41626
POE360,C-GKQN,PD,Porter,YYC,,2025-12-19 19:40:00+00:00,2025-12-19 23:35:00+00:00,A18,B18,39.0,0.0,36.754635
ACA196,C-GJWI,AC,Air Canada,YYJ,,2025-12-19 19:40:00+00:00,2025-12-20 00:16:00+00:00,13,D28,29.0,29.0,28.55709
ACA145,C-GKUH,AC,Air Canada,,YYC,2025-12-19 19:40:00+00:00,2025-12-20 00:04:00+00:00,D24,C56,78.0,78.0,78.25992
ACA196,C-GJWI,TP,TAP Air Portugal,YYJ,,2025-12-19 19:40:00+00:00,2025-12-20 00:16:00+00:00,13,D28,29.0,29.0,28.900023
ACA196,C-GJWI,UA,United,YYJ,,2025-12-19 19:40:00+00:00,2025-12-20 00:16:00+00:00,13,D28,29.0,29.0,29.069117
ACA196,C-GJWI,AV,Avianca,YYJ,,2025-12-19 19:40:00+00:00,2025-12-20 00:16:00+00:00,13,D28,29.0,29.0,28.886198
ACA145,C-GKUH,LH,Lufthansa,,YYC,2025-12-19 19:40:00+00:00,2025-12-20 00:04:00+00:00,D24,C56,78.0,0.0,71.30368
WJA1141,C-FCSX,AF,Air France,TPA,,2025-12-19 19:41:00+00:00,2025-12-19 22:12:00+00:00,,C39A,20.0,20.0,19.514498
WJA1141,C-FCSX,WS,WestJet,TPA,,2025-12-19 19:41:00+00:00,2025-12-19 22:12:00+00:00,,C39A,20.0,0.0,19.379448
WJA1141,C-FCSX,DL,Delta Air Lines,TPA,,2025-12-19 19:41:00+00:00,2025-12-19 22:12:00+00:00,,C39A,20.0,20.0,20.253649
ACA1720,C-GHPJ,AC,Air Canada,PHX,,2025-12-19 19:45:00+00:00,2025-12-20 00:15:00+00:00,,F97,55.0,0.0,53.769073
DAL1734,N361NW,LA,LATAM,ATL,,2025-12-19 19:48:00+00:00,2025-12-19 22:02:00+00:00,,A12,28.0,28.0,28.086756
DAL1734,N361NW,KE,Korean Air,ATL,,2025-12-19 19:48:00+00:00,2025-12-19 22:02:00+00:00,,A12,28.0,0.0,29.789682
DAL1734,N361NW,AM,Aeromexico,ATL,,2025-12-19 19:48:00+00:00,2025-12-19 22:02:00+00:00,,A12,28.0,28.0,28.417524
DAL1734,N361NW,DL,Delta Air Lines,ATL,,2025-12-19 19:48:00+00:00,2025-12-19 22:02:00+00:00,,A12,28.0,28.0,27.956009
DAL1734,N361NW,WS,WestJet,ATL,,2025-12-19 19:48:00+00:00,2025-12-19 22:02:00+00:00,,A12,28.0,28.0,27.302896
POE404,C-GZQK,TS,Air Transat,YEG,,2025-12-19 19:50:00+00:00,2025-12-19 23:40:00+00:00,70,B17,50.0,0.0,46.51089
POE404,C-GZQK,PD,Porter,YEG,,2025-12-19 19:50:00+00:00,2025-12-19 23:40:00+00:00,70,B17,50.0,50.0,50.11509
WJA2513,C-GOCD,WS,WestJet,BGI,,2025-12-19 19:50:00+00:00,2025-12-20 02:00:00+00:00,,B23,0.0,0.0,3.6404407
BWA600,9Y-BAR,BW,Caribbean,POS,,2025-12-19 19:55:00+00:00,2025-12-20 02:00:00+00:00,,C36,0.0,0.0,5.433138
WJA2567,C-FPLS,WS,WestJet,MBJ,,2025-12-19 19:55:00+00:00,2025-12-20 00:12:00+00:00,,B11,10.0,0.0,14.034768
ACA1803,C-GARO,AC,Air Canada,KIN,,2025-12-19 19:55:00+00:00,2025-12-20 00:20:00+00:00,,163,28.0,0.0,26.619356
JIA5123,N544EA,PD,Porter,DCA,,2025-12-19 19:59:00+00:00,2025-12-19 21:39:00+00:00,,A9,166.0,0.0,160.62314
JIA5123,N544EA,OH,PSA,DCA,,2025-12-19 19:59:00+00:00,2025-12-19 21:39:00+00:00,,A9,166.0,166.0,167.5991
JIA5123,N544EA,BA,British,DCA,,2025-12-19 19:59:00+00:00,2025-12-19 21:39:00+00:00,,A9,166.0,166.0,166.53629
JIA5123,N544EA,AA,American,DCA,,2025-12-19 19:59:00+00:00,2025-12-19 21:39:00+00:00,,A9,166.0,166.0,166.12149
POE160,C-GKQY,PD,Porter,YOW,,2025-12-19 20:00:00+00:00,2025-12-19 21:18:00+00:00,26,B24,18.0,0.0,29.658415
POE322,C-GZQR,PD,Porter,YLW,,2025-12-19 20:00:00+00:00,2025-12-20 00:23:00+00:00,6,B15,0.0,0.0,0.0
POE322,C-GZQR,TS,Air Transat,YLW,,2025-12-19 20:00:00+00:00,2025-12-20 00:23:00+00:00,6,B15,0.0,0.0,0.96528417
ACA506,C-GNBN,UA,United,ORD,,2025-12-19 20:00:00+00:00,2025-12-19 21:39:00+00:00,,F36,26.0,26.0,27.47431
ACA506,C-GNBN,AC,Air Canada,ORD,,2025-12-19 20:00:00+00:00,2025-12-19 21:39:00+00:00,,F36,26.0,0.0,28.193554
WJA2568,C-GWBX,KL,KLM,,MBJ,2025-12-19 20:00:00+00:00,2025-12-20 00:23:00+00:00,B25,,77.0,77.0,76.37282
ACA740,C-GJXV,AC,Air Canada,SFO,,2025-12-19 20:00:00+00:00,2025-12-20 00:55:00+00:00,D12,F66,31.0,0.0,34.505592
WJA2568,C-GWBX,WS,WestJet,,MBJ,2025-12-19 20:00:00+00:00,2025-12-20 00:23:00+00:00,B25,,77.0,0.0,64.82897
ACA1299,C-GUPK,AC,Air Canada,,MSY,2025-12-19 20:05:00+00:00,2025-12-19 23:17:00+00:00,F63,,57.0,0.0,23.203918
ACA1299,C-GUPK,UA,United,,MSY,2025-12-19 20:05:00+00:00,2025-12-19 23:17:00+00:00,F63,,57.0,57.0,54.66787
ACA112,C-FIUR,TP,TAP Air Portugal,YVR,,2025-12-19 20:10:00+00:00,2025-12-20 00:35:00+00:00,C50,D41,58.0,58.0,58.85595
ACA112,C-FIUR,OS,Austrian,YVR,,2025-12-19 20:10:00+00:00,2025-12-20 00:35:00+00:00,C50,D41,58.0,0.0,52.76399
ACA112,C-FIUR,CA,Air China,YVR,,2025-12-19 20:10:00+00:00,2025-12-20 00:35:00+00:00,C50,D41,58.0,58.0,58.27848
ACA417,C-GTZH,LH,Lufthansa,YUL,,2025-12-19 20:10:00+00:00,2025-12-19 21:40:00+00:00,A48,D51,116.0,116.0,114.85151
ACA417,C-GTZH,OS,Austrian,YUL,,2025-12-19 20:10:00+00:00,2025-12-19 21:40:00+00:00,A48,D51,116.0,116.0,116.864105
ACA417,C-GTZH,AC,Air Canada,YUL,,2025-12-19 20:10:00+00:00,2025-12-19 21:40:00+00:00,A48,D51,116.0,116.0,115.56204
ACA112,C-FIUR,LH,Lufthansa,YVR,,2025-12-19 20:10:00+00:00,2025-12-20 00:35:00+00:00,C50,D41,58.0,58.0,59.67513
ACA144,C-GYFM,LO,LOT - Polish,YYC,,2025-12-19 20:10:00+00:00,2025-12-20 00:08:00+00:00,C54,D22,63.0,63.0,63.002304
ACA144,C-GYFM,OS,Austrian,YYC,,2025-12-19 20:10:00+00:00,2025-12-20 00:08:00+00:00,C54,D22,63.0,63.0,63.388996
ACA1348,C-FSOI,AC,Air Canada,PVR,,2025-12-19 20:10:00+00:00,2025-12-20 00:50:00+00:00,,191,15.0,0.0,16.841322
ACA144,C-GYFM,LH,Lufthansa,YYC,,2025-12-19 20:10:00+00:00,2025-12-20 00:08:00+00:00,C54,D22,63.0,63.0,63.27597
ACA112,C-FIUR,AC,Air Canada,YVR,,2025-12-19 20:10:00+00:00,2025-12-20 00:35:00+00:00,C50,D41,58.0,58.0,58.13959
ACA967,C-FRSR,AC,Air Canada,BGI,,2025-12-19 20:10:00+00:00,2025-12-20 01:55:00+00:00,,E77,0.0,0.0,2.1046624
ACA144,C-GYFM,LX,SWISS,YYC,,2025-12-19 20:10:00+00:00,2025-12-20 00:08:00+00:00,C54,D22,63.0,0.0,60.021812
ACA1702,C-GFDU,AC,Air Canada,LAS,,2025-12-19 20:10:00+00:00,2025-12-20 00:25:00+00:00,,F57,38.0,0.0,40.174644
ACA144,C-GYFM,AC,Air Canada,YYC,,2025-12-19 20:10:00+00:00,2025-12-20 00:08:00+00:00,C54,D22,63.0,63.0,62.572624
ACA144,C-GYFM,TP,TAP Air Portugal,YYC,,2025-12-19 20:10:00+00:00,2025-12-20 00:08:00+00:00,C54,D22,63.0,63.0,62.995354
ACA417,C-GTZH,SN,Brussels,YUL,,2025-12-19 20:10:00+00:00,2025-12-19 21:40:00+00:00,A48,D51,116.0,0.0,107.71905
ACA112,C-FIUR,G3,Gol,YVR,,2025-12-19 20:10:00+00:00,2025-12-20 00:35:00+00:00,C50,D41,58.0,58.0,56.125298
EDV5106,N335PQ,AM,Aeromexico,JFK,,2025-12-19 20:15:00+00:00,2025-12-19 22:08:00+00:00,,A6,77.0,0.0,68.12268
POE776,C-GKQL,TS,Air Transat,NAS,,2025-12-19 20:15:00+00:00,2025-12-19 23:45:00+00:00,,B12,38.0,38.0,38.050835
POE776,C-GKQL,PD,Porter,NAS,,2025-12-19 20:15:00+00:00,2025-12-19 23:45:00+00:00,,B12,38.0,0.0,36.816345
EDV5106,N335PQ,KQ,Kenya,JFK,,2025-12-19 20:15:00+00:00,2025-12-19 22:08:00+00:00,,A6,77.0,77.0,77.29488
EDV5106,N335PQ,LA,LATAM,JFK,,2025-12-19 20:15:00+00:00,2025-12-19 22:08:00+00:00,,A6,77.0,77.0,77.29488
POE605,C-GKQJ,TS,Air Transat,,LGA,2025-12-19 20:15:00+00:00,2025-12-19 21:55:00+00:00,A16,,21.0,0.0,10.711393
POE605,C-GKQJ,PD,Porter,,LGA,2025-12-19 20:15:00+00:00,2025-12-19 21:55:00+00:00,A16,,21.0,21.0,23.921286
EDV5106,N335PQ,KL,KLM,JFK,,2025-12-19 20:15:00+00:00,2025-12-19 22:08:00+00:00,,A6,77.0,77.0,77.41006
JZA839,C-GLJZ,AC,Air Canada,RDU,,2025-12-19 20:15:00+00:00,2025-12-19 22:10:00+00:00,,F87,0.0,0.0,0.0
EDV5106,N335PQ,VS,Virgin Atlantic,JFK,,2025-12-19 20:15:00+00:00,2025-12-19 22:08:00+00:00,,A6,77.0,77.0,77.13406
EDV5106,N335PQ,DL,Delta Air Lines,JFK,,2025-12-19 20:15:00+00:00,2025-12-19 22:08:00+00:00,,A6,77.0,77.0,76.83647
EDV5106,N335PQ,AF,Air France,JFK,,2025-12-19 20:15:00+00:00,2025-12-19 22:08:00+00:00,,A6,77.0,77.0,80.86417
EDV5106,N335PQ,KE,Korean Air,JFK,,2025-12-19 20:15:00+00:00,2025-12-19 22:08:00+00:00,,A6,77.0,77.0,78.67545
EDV5106,N335PQ,WS,WestJet,JFK,,2025-12-19 20:15:00+00:00,2025-12-19 22:08:00+00:00,,A6,77.0,77.0,74.73941
ACA170,C-FCEU,AC,Air Canada,YEG,,2025-12-19 20:20:00+00:00,2025-12-20 00:07:00+00:00,52,D33,17.0,0.0,16.084896
WJA2093,C-FBWS,WS,WestJet,CUR,,2025-12-19 20:25:00+00:00,2025-12-20 02:00:00+00:00,,B24,0.0,0.0,6.784122
CES208,B-2022,MU,China Eastern,,PVG,2025-12-19 20:25:00+00:00,2025-12-20 11:20:00+00:00,C34,,0.0,0.0,2.8978329
ACA1038,C-GJXN,AC,Air Canada,DEN,,2025-12-19 20:25:00+00:00,2025-12-19 23:35:00+00:00,,F53,164.0,164.0,164.30615
ACA1038,C-GJXN,OS,Austrian,DEN,,2025-12-19 20:25:00+00:00,2025-12-19 23:35:00+00:00,,F53,164.0,0.0,158.7444
ACA1038,C-GJXN,UA,United,DEN,,2025-12-19 20:25:00+00:00,2025-12-19 23:35:00+00:00,,F53,164.0,164.0,164.82426
POE125,C-GZQV,TS,Air Transat,,YUL,2025-12-19 20:30:00+00:00,2025-12-19 21:55:00+00:00,B20,6,59.0,59.0,58.823963
WJA2103,C-GWWJ,WS,WestJet,PUJ,,2025-12-19 20:30:00+00:00,2025-12-20 01:20:00+00:00,,B40,0.0,0.0,2.0090544
POE125,C-GZQV,PD,Porter,,YUL,2025-12-19 20:30:00+00:00,2025-12-19 21:55:00+00:00,B20,6,59.0,0.0,24.723896
WJA2197,C-GAWS,WS,WestJet,AUA,,2025-12-19 20:30:00+00:00,2025-12-20 01:59:00+00:00,,B41,0.0,0.0,0.14231001
POE442,C-GKQK,TS,Air Transat,YYJ,,2025-12-19 20:35:00+00:00,2025-12-20 01:09:00+00:00,12,B3,0.0,0.0,0.77132714
FLE2635,C-FLQO,F8,Flair,PUJ,,2025-12-19 20:35:00+00:00,2025-12-20 01:25:00+00:00,,B27,0.0,0.0,3.113256
POE642,C-GKQS,TS,Air Transat,PHX,,2025-12-19 20:35:00+00:00,2025-12-20 00:40:00+00:00,,C39A,0.0,0.0,0.0
POE642,C-GKQS,AA,American,PHX,,2025-12-19 20:35:00+00:00,2025-12-20 00:40:00+00:00,,C39A,0.0,0.0,0.2851224
POE642,C-GKQS,PD,Porter,PHX,,2025-12-19 20:35:00+00:00,2025-12-20 00:40:00+00:00,,C39A,0.0,0.0,0.0
POE442,C-GKQK,PD,Porter,YYJ,,2025-12-19 20:35:00+00:00,2025-12-20 01:09:00+00:00,12,B3,0.0,0.0,1.1358066
EDV4881,N909XJ,VS,Virgin Atlantic,,DTW,2025-12-19 20:38:00+00:00,2025-12-19 22:07:00+00:00,A6,,65.0,69.0,64.963135
EDV4881,N909XJ,KL,KLM,,DTW,2025-12-19 20:38:00+00:00,2025-12-19 22:07:00+00:00,A6,,65.0,65.0,64.21577
EDV4881,N909XJ,WS,WestJet,,DTW,2025-12-19 20:38:00+00:00,2025-12-19 22:07:00+00:00,A6,,65.0,65.0,68.53359
EDV4881,N909XJ,AF,Air France,,DTW,2025-12-19 20:38:00+00:00,2025-12-19 22:07:00+00:00,A6,,65.0,65.0,62.689598
DAL4881,N909XJ,DL,Delta Air Lines,,DTW,2025-12-19 20:38:00+00:00,2025-12-19 22:07:00+00:00,A6,,65.0,65.0,64.188965
AAL5864,N694AE,PD,Porter,PHL,,2025-12-19 20:40:00+00:00,2025-12-19 22:29:00+00:00,,A9,0.0,0.0,0.0
FLE1600,C-FFLJ,F8,Flair,,FLL,2025-12-19 20:40:00+00:00,2025-12-20 00:05:00+00:00,A8,,0.0,0.0,1.5079521
AAL5864,N694AE,QR,Qatar,PHL,,2025-12-19 20:40:00+00:00,2025-12-19 22:29:00+00:00,,A9,0.0,0.0,0.9710943
AAL5864,N694AE,PI,Polar,PHL,,2025-12-19 20:40:00+00:00,2025-12-19 22:29:00+00:00,,A9,0.0,0.0,0.0
AAL5864,N694AE,AA,American,PHL,,2025-12-19 20:40:00+00:00,2025-12-19 22:29:00+00:00,,A9,0.0,0.0,0.017851656
POE654,C-GKYS,PD,Porter,LAS,,2025-12-19 20:40:00+00:00,2025-12-20 00:55:00+00:00,,C38,0.0,0.0,2.2774215
POE654,C-GKYS,AA,American,LAS,,2025-12-19 20:40:00+00:00,2025-12-20 00:55:00+00:00,,C38,0.0,0.0,0.0
POE654,C-GKYS,TS,Air Transat,LAS,,2025-12-19 20:40:00+00:00,2025-12-20 00:55:00+00:00,,C38,0.0,0.0,0.0
WJA640,C-FONK,QF,Qantas,YYC,,2025-12-19 20:40:00+00:00,2025-12-20 00:36:00+00:00,C50,B22,24.0,24.0,23.493921
WJA640,C-FONK,AM,Aeromexico,YYC,,2025-12-19 20:40:00+00:00,2025-12-20 00:36:00+00:00,C50,B22,24.0,24.0,24.790234
ACA1094,C-GVDP,AC,Air Canada,SAN,,2025-12-19 20:40:00+00:00,2025-12-20 01:30:00+00:00,,F53,45.0,0.0,36.00139
WJA640,C-FONK,AF,Air France,YYC,,2025-12-19 20:40:00+00:00,2025-12-20 00:36:00+00:00,C50,B22,24.0,24.0,24.150797
WJA640,C-FONK,VS,Virgin Atlantic,YYC,,2025-12-19 20:40:00+00:00,2025-12-20 00:36:00+00:00,C50,B22,24.0,24.0,24.480373
WJA640,C-FONK,DL,Delta Air Lines,YYC,,2025-12-19 20:40:00+00:00,2025-12-20 00:36:00+00:00,C50,B22,24.0,0.0,26.562532
ACA1094,C-GVDP,UA,United,SAN,,2025-12-19 20:40:00+00:00,2025-12-20 01:30:00+00:00,,F53,45.0,45.0,46.98606
WJA640,C-FONK,WS,WestJet,YYC,,2025-12-19 20:40:00+00:00,2025-12-20 00:36:00+00:00,C50,B22,24.0,24.0,23.754559
UAL2236,N833UA,UA,United,,IAH,2025-12-19 20:45:00+00:00,2025-12-20 00:49:00+00:00,F97,,0.0,0.0,8.970783
UAL2236,N833UA,AC,Air Canada,,IAH,2025-12-19 20:45:00+00:00,2025-12-20 00:49:00+00:00,F97,,0.0,0.0,23.203918
UAL2236,N833UA,NZ,Air New Zealand,,IAH,2025-12-19 20:45:00+00:00,2025-12-20 00:49:00+00:00,F97,,0.0,0.0,2.8978329
POE551,C-GKXM,TS,Air Transat,,PBI,2025-12-19 20:50:00+00:00,2025-12-20 00:05:00+00:00,A14,,0.0,0.0,10.711393
POE551,C-GKXM,PD,Porter,,PBI,2025-12-19 20:50:00+00:00,2025-12-20 00:05:00+00:00,A14,,0.0,0.0,24.723896
WJA2415,C-GUUL,WS,WestJet,HUX,,2025-12-19 20:55:00+00:00,2025-12-20 01:58:00+00:00,,B18,0.0,0.0,0.0
FLE608,C-FLUT,F8,Flair,YVR,,2025-12-19 20:55:00+00:00,2025-12-20 01:35:00+00:00,B18,B5,0.0,0.0,1.0398983
DAL5406,N340CA,AF,Air France,DTW,,2025-12-19 20:55:00+00:00,2025-12-19 22:15:00+00:00,,A6,39.0,39.0,39.186844
DAL5406,N340CA,VS,Virgin Atlantic,DTW,,2025-12-19 20:55:00+00:00,2025-12-19 22:15:00+00:00,,A6,39.0,0.0,37.971634
DAL5406,N340CA,KL,KLM,DTW,,2025-12-19 20:55:00+00:00,2025-12-19 22:15:00+00:00,,A6,39.0,39.0,39.628876
DAL5406,N340CA,WS,WestJet,DTW,,2025-12-19 20:55:00+00:00,2025-12-19 22:15:00+00:00,,A6,39.0,39.0,38.358143
DAL5406,N340CA,DL,Delta Air Lines,DTW,,2025-12-19 20:55:00+00:00,2025-12-19 22:15:00+00:00,,A6,39.0,39.0,39.044434
WJA647,C-GQWJ,AM,Aeromexico,,YYC,2025-12-19 21:00:00+00:00,2025-12-20 01:32:00+00:00,B22,A11,55.0,55.0,55.16933
WJA2578,C-FWJS,WS,WestJet,,VRA,2025-12-19 21:00:00+00:00,2025-12-20 00:44:00+00:00,B41,,6.0,0.0,13.792028
WJA647,C-GQWJ,WS,WestJet,,YYC,2025-12-19 21:00:00+00:00,2025-12-20 01:32:00+00:00,B22,A11,55.0,55.0,54.981884
WJA647,C-GQWJ,MU,China Eastern,,YYC,2025-12-19 21:00:00+00:00,2025-12-20 01:32:00+00:00,B22,A11,55.0,55.0,53.755608
WJA647,C-GQWJ,DL,Delta Air Lines,,YYC,2025-12-19 21:00:00+00:00,2025-12-20 01:32:00+00:00,B22,A11,55.0,55.0,55.91643
ACA418,C-FSNQ,OS,Austrian,,YUL,2025-12-19 21:00:00+00:00,2025-12-19 22:25:00+00:00,D35,7,46.0,46.0,45.428146
ACA418,C-FSNQ,SN,Brussels,,YUL,2025-12-19 21:00:00+00:00,2025-12-19 22:25:00+00:00,D35,7,46.0,46.0,47.50833
ACA418,C-FSNQ,AC,Air Canada,,YUL,2025-12-19 21:00:00+00:00,2025-12-19 22:25:00+00:00,D35,7,46.0,0.0,12.233218
AVA325,N764AV,AV,Avianca,,SAL,2025-12-19 21:00:00+00:00,2025-12-20 02:15:00+00:00,E83,,22.0,0.0,10.66872
ACA8923,C-FUJA,AC,Air Canada,,PIT,2025-12-19 21:00:00+00:00,2025-12-19 22:14:00+00:00,F95,,7.0,0.0,12.233218
ACA1327,C-FSJJ,AC,Air Canada,SXM,,2025-12-19 21:00:00+00:00,2025-12-20 02:15:00+00:00,,165,0.0,0.0,4.812041
AVA325,N764AV,AC,Air Canada,,SAL,2025-12-19 21:00:00+00:00,2025-12-20 02:15:00+00:00,E83,,22.0,22.0,21.454937
UAL3622,N786YX,UA,United,EWR,,2025-12-19 21:00:00+00:00,2025-12-19 22:49:00+00:00,,F60,1.0,0.0,12.0793
UAL3622,N786YX,AC,Air Canada,EWR,,2025-12-19 21:00:00+00:00,2025-12-19 22:49:00+00:00,,F60,1.0,1.0,1.239731
ACA1796,C-GFCH,AC,Air Canada,,PUJ,2025-12-19 21:00:00+00:00,2025-12-20 01:35:00+00:00,E68,,10.0,0.0,12.233218
WJA647,C-GQWJ,KE,Korean Air,,YYC,2025-12-19 21:00:00+00:00,2025-12-20 01:32:00+00:00,B22,A11,55.0,0.0,46.021282
ACA418,C-FSNQ,AV,Avianca,,YUL,2025-12-19 21:00:00+00:00,2025-12-19 22:25:00+00:00,D35,7,46.0,46.0,46.07708
ACA1677,C-FYXF,AC,Air Canada,MCO,,2025-12-19 21:05:00+00:00,2025-12-19 23:55:00+00:00,,F55,36.0,0.0,37.742973
AAL5885,N902BC,AA,American,,PHL,2025-12-19 21:06:00+00:00,2025-12-19 22:51:00+00:00,A9,,30.0,30.0,29.368284
AAL5885,N902BC,QR,Qatar,,PHL,2025-12-19 21:06:00+00:00,2025-12-19 22:51:00+00:00,A9,,30.0,30.0,30.784374
AAL5885,N902BC,PI,Polar,,PHL,2025-12-19 21:06:00+00:00,2025-12-19 22:51:00+00:00,A9,,30.0,30.0,30.376808
AAL5885,N902BC,PD,Porter,,PHL,2025-12-19 21:06:00+00:00,2025-12-19 22:51:00+00:00,A9,,30.0,38.0,30.030268
UAL568,N850UA,AC,Air Canada,,DEN,2025-12-19 21:10:00+00:00,2025-12-20 01:10:00+00:00,F82,,32.0,32.0,29.677135
UAL568,N850UA,UA,United,,DEN,2025-12-19 21:10:00+00:00,2025-12-20 01:10:00+00:00,F82,,32.0,0.0,9.878353
ACA419,C-GJYI,AC,Air Canada,YUL,,2025-12-19 21:10:00+00:00,2025-12-19 22:40:00+00:00,A47,D32,52.0,52.0,48.695915
ACA419,C-GJYI,OS,Austrian,YUL,,2025-12-19 21:10:00+00:00,2025-12-19 22:40:00+00:00,A47,D32,52.0,52.0,53.791878
ACA419,C-GJYI,TK,Turkish,YUL,,2025-12-19 21:10:00+00:00,2025-12-19 22:40:00+00:00,A47,D32,52.0,0.0,51.664238
ACA7947,C-GJFZ,AC,Air Canada,YDF,,2025-12-19 21:15:00+00:00,2025-12-20 00:22:00+00:00,,D5,0.0,0.0,0.34354797
ACA459,C-FDUW,AC,Air Canada,YOW,,2025-12-19 21:15:00+00:00,2025-12-19 22:35:00+00:00,18,D31,43.0,0.0,36.289124
ACA1629,C-GJTH,AC,Air Canada,FLL,,2025-12-19 21:15:00+00:00,2025-12-20 00:26:00+00:00,,F36,0.0,0.0,0.5678278
ROU1659,C-FZUG,AC,Air Canada,TPA,,2025-12-19 21:15:00+00:00,2025-12-20 00:08:00+00:00,,F61,76.0,0.0,72.50673
ROU1879,C-GSJB,AC,Air Canada,UVF,,2025-12-19 21:15:00+00:00,2025-12-20 03:00:00+00:00,,191,0.0,0.0,4.8348413
TSC956,C-GOKC,TS,Air Transat,,HOG,2025-12-19 21:15:00+00:00,2025-12-20 01:10:00+00:00,B38,,0.0,0.0,1.2597485
ACA8705,C-GJIZ,AC,Air Canada,,CVG,2025-12-19 21:20:00+00:00,2025-12-19 23:00:00+00:00,F84,,65.0,109.0,63.444168
JZA696,C-FFYG,AC,Air Canada,,BOS,2025-12-19 21:20:00+00:00,2025-12-19 23:02:00+00:00,F60,,0.0,0.0,12.233218
ACA8729,C-FJQZ,AC,Air Canada,,CLE,2025-12-19 21:20:00+00:00,2025-12-19 22:30:00+00:00,F86,,14.0,0.0,12.233218
JZA992,C-FEJB,AC,Air Canada,,LGA,2025-12-19 21:20:00+00:00,2025-12-19 22:58:00+00:00,F62,,0.0,0.0,12.233218
JZA545,C-FEJL,AC,Air Canada,LGA,,2025-12-19 21:20:00+00:00,2025-12-19 23:07:00+00:00,,F60,65.0,0.0,53.262123
ROU1647,C-GJTX,AC,Air Canada,MIA,,2025-12-19 21:20:00+00:00,2025-12-20 00:40:00+00:00,,F36,60.0,0.0,54.657597
JIA5045,N595NN,OH,PSA,CLT,,2025-12-19 21:21:00+00:00,2025-12-19 23:23:00+00:00,,A9,54.0,54.0,54.03137
JIA5045,N595NN,PD,Porter,CLT,,2025-12-19 21:21:00+00:00,2025-12-19 23:23:00+00:00,,A9,54.0,0.0,52.89352
JIA5045,N595NN,AA,American,CLT,,2025-12-19 21:21:00+00:00,2025-12-19 23:23:00+00:00,,A9,54.0,54.0,53.151356
ACA1294,C-GNGV,AC,Air Canada,,RSW,2025-12-19 21:25:00+00:00,2025-12-20 00:42:00+00:00,F55,,0.0,41.0,6.9791756
ACA149,C-GIUF,AC,Air Canada,,YYC,2025-12-19 21:30:00+00:00,2025-12-20 01:54:00+00:00,D38,C50,33.0,0.0,12.233218
JZA619,C-FKJZ,AC,Air Canada,IAD,,2025-12-19 21:30:00+00:00,2025-12-19 23:03:00+00:00,,F88,105.0,114.0,102.86372
ACA8881,C-FJGZ,AC,Air Canada,EWR,,2025-12-19 21:30:00+00:00,2025-12-19 23:16:00+00:00,,F86,0.0,0.0,2.226661
ACA8784,C-FRQW,AC,Air Canada,,DCA,2025-12-19 21:30:00+00:00,2025-12-19 23:05:00+00:00,F98,,27.0,0.0,12.233218
ACA149,C-GIUF,LH,Lufthansa,,YYC,2025-12-19 21:30:00+00:00,2025-12-20 01:54:00+00:00,D38,C50,33.0,33.0,32.932842
WJA2507,C-FWIJ,WS,WestJet,POP,,2025-12-19 21:30:00+00:00,2025-12-20 01:58:00+00:00,,B9,0.0,0.0,0.0
ACA149,C-GIUF,OS,Austrian,,YYC,2025-12-19 21:30:00+00:00,2025-12-20 01:54:00+00:00,D38,C50,33.0,33.0,32.614483
ACA149,C-GIUF,AV,Avianca,,YYC,2025-12-19 21:30:00+00:00,2025-12-20 01:54:00+00:00,D38,C50,33.0,33.0,33.937492
ACA8935,C-FRQN,AC,Air Canada,PHL,,2025-12-19 21:35:00+00:00,2025-12-19 23:13:00+00:00,,F66,0.0,0.0,0.80866396
ACA114,C-GYJW,G3,Gol,YVR,,2025-12-19 21:35:00+00:00,2025-12-20 01:59:00+00:00,C49,D24,0.0,0.0,0.0
ACA114,C-GYJW,CA,Air China,YVR,,2025-12-19 21:35:00+00:00,2025-12-20 01:59:00+00:00,C49,D24,0.0,0.0,0.0
ACA114,C-GYJW,LO,LOT - Polish,YVR,,2025-12-19 21:35:00+00:00,2025-12-20 01:59:00+00:00,C49,D24,0.0,0.0,4.6881332
ACA114,C-GYJW,CX,Cathay Pacific,YVR,,2025-12-19 21:35:00+00:00,2025-12-20 01:59:00+00:00,C49,D24,0.0,0.0,0.0
ACA114,C-GYJW,AC,Air Canada,YVR,,2025-12-19 21:35:00+00:00,2025-12-20 01:59:00+00:00,C49,D24,0.0,0.0,0.0
ACA114,C-GYJW,OZ,Asiana,YVR,,2025-12-19 21:35:00+00:00,2025-12-20 01:59:00+00:00,C49,D24,0.0,0.0,1.0809172
ACA117,C-FGKZ,VA,Virgin Australia,,YVR,2025-12-19 21:40:00+00:00,2025-12-20 02:57:00+00:00,D36,C46,0.0,0.0,0.42321354
,C-GOFV,LH,Lufthansa,,FRA,2025-12-19 21:40:00+00:00,2025-12-20 05:40:00+00:00,E77,,0.0,0.0,0.0
,C-GOFV,UA,United,,FRA,2025-12-19 21:40:00+00:00,2025-12-20 05:40:00+00:00,E77,,0.0,0.0,1.2432352
,C-GOFV,MS,EgyptAir,,FRA,2025-12-19 21:40:00+00:00,2025-12-20 05:40:00+00:00,E77,,0.0,0.0,0.0
,C-GOFV,A3,Aegean,,FRA,2025-12-19 21:40:00+00:00,2025-12-20 05:40:00+00:00,E77,,0.0,0.0,0.101459764
POE672,C-GKXN,PD,Porter,SFO,,2025-12-19 21:40:00+00:00,2025-12-20 02:39:00+00:00,B2,A10,0.0,0.0,0.0
ACA117,C-FGKZ,AC,Air Canada,,YVR,2025-12-19 21:40:00+00:00,2025-12-20 02:57:00+00:00,D36,C46,0.0,0.0,12.233218
,C-GOFV,SQ,Singapore,,FRA,2025-12-19 21:40:00+00:00,2025-12-20 05:40:00+00:00,E77,,0.0,0.0,0.0
,C-GOFV,OS,Austrian,,FRA,2025-12-19 21:40:00+00:00,2025-12-20 05:40:00+00:00,E77,,0.0,0.0,0.0
ACA117,C-FGKZ,AV,Avianca,,YVR,2025-12-19 21:40:00+00:00,2025-12-20 02:57:00+00:00,D36,C46,0.0,0.0,10.66872
,C-GOFV,OU,Croatia,,FRA,2025-12-19 21:40:00+00:00,2025-12-20 05:40:00+00:00,E77,,0.0,0.0,0.47233945
ACA117,C-FGKZ,OS,Austrian,,YVR,2025-12-19 21:40:00+00:00,2025-12-20 02:57:00+00:00,D36,C46,0.0,0.0,2.947546
,C-GOFV,AC,Air Canada,,FRA,2025-12-19 21:40:00+00:00,2025-12-20 05:40:00+00:00,E77,,0.0,0.0,0.8310205
POE664,C-GKQM,PD,Porter,LAX,,2025-12-19 21:40:00+00:00,2025-12-20 02:23:00+00:00,,C38,0.0,0.0,2.6284947
ACA117,C-FGKZ,LH,Lufthansa,,YVR,2025-12-19 21:40:00+00:00,2025-12-20 02:57:00+00:00,D36,C46,0.0,0.0,5.75586
POE664,C-GKQM,AA,American,LAX,,2025-12-19 21:40:00+00:00,2025-12-20 02:23:00+00:00,,C38,0.0,0.0,5.485473
POE664,C-GKQM,TS,Air Transat,LAX,,2025-12-19 21:40:00+00:00,2025-12-20 02:23:00+00:00,,C38,0.0,0.0,0.0
ACA1818,C-GHPD,AC,Air Canada,,BDA,2025-12-19 21:40:00+00:00,2025-12-20 00:30:00+00:00,E74,,29.0,0.0,12.233218
JIA5030,N564NN,OH,PSA,,CLT,2025-12-19 21:44:00+00:00,2025-12-20 00:04:00+00:00,A9,,15.0,15.0,12.425522
AAL5030,N564NN,AA,American,,CLT,2025-12-19 21:44:00+00:00,2025-12-20 00:04:00+00:00,A9,,15.0,99.0,16.142282
AAL5030,N564NN,PD,Porter,,CLT,2025-12-19 21:44:00+00:00,2025-12-20 00:04:00+00:00,A9,,15.0,15.0,12.703239
ACA935,C-FFNW,AC,Air Canada,PUJ,,2025-12-19 21:45:00+00:00,2025-12-20 02:35:00+00:00,,F96,0.0,0.0,1.1816167
ASA391,N214AK,HA,Hawaiian,,SEA,2025-12-19 21:45:00+00:00,2025-12-20 03:11:00+00:00,A11,,37.0,0.0,38.014194
ACA1771,C-FYJE,AC,Air Canada,HUX,,2025-12-19 21:45:00+00:00,2025-12-20 02:50:00+00:00,,F95,0.0,0.0,3.9303114
ASA391,N214AK,AS,Alaska,,SEA,2025-12-19 21:45:00+00:00,2025-12-20 03:11:00+00:00,A11,,37.0,37.0,35.783913
ASA391,N214AK,TN,Air Tahiti Nui,,SEA,2025-12-19 21:45:00+00:00,2025-12-20 03:11:00+00:00,A11,,37.0,37.0,35.947838
ASA391,N214AK,QR,Qatar,,SEA,2025-12-19 21:45:00+00:00,2025-12-20 03:11:00+00:00,A11,,37.0,37.0,35.421658
ACA1359,C-GVUH,AC,Air Canada,,MTY,2025-12-19 21:45:00+00:00,2025-12-20 02:30:00+00:00,E72,,0.0,0.0,12.233218
ACA8856,C-GFJZ,AC,Air Canada,BNA,,2025-12-19 21:45:00+00:00,2025-12-19 23:44:00+00:00,,F87,0.0,0.0,0.0
ACA8909,C-FEKS,AC,Air Canada,,ORD,2025-12-19 21:50:00+00:00,2025-12-19 23:48:00+00:00,F66,,0.0,11.0,2.731447
ACA8555,C-FXJC,AC,Air Canada,JFK,,2025-12-19 21:50:00+00:00,2025-12-19 23:35:00+00:00,,F99,1.0,0.0,2.8028452
WJA2587,C-FRYV,WS,WestJet,NAS,,2025-12-19 21:50:00+00:00,2025-12-20 01:20:00+00:00,,B13,0.0,0.0,1.1432513
ACA791,C-GIUE,AC,Air Canada,,LAX,2025-12-19 21:55:00+00:00,2025-12-20 03:27:00+00:00,F34,,0.0,0.0,12.233218
ACA791,C-GIUE,SQ,Singapore,,LAX,2025-12-19 21:55:00+00:00,2025-12-20 03:27:00+00:00,F34,,0.0,0.0,3.6336932
ACA508,C-GJXW,AC,Air Canada,ORD,,2025-12-19 21:55:00+00:00,2025-12-19 23:34:00+00:00,,F98,24.0,24.0,25.297672
ACA791,C-GIUE,NZ,Air New Zealand,,LAX,2025-12-19 21:55:00+00:00,2025-12-20 03:27:00+00:00,F34,,0.0,0.0,0.0
ACA508,C-GJXW,UA,United,ORD,,2025-12-19 21:55:00+00:00,2025-12-19 23:34:00+00:00,,F98,24.0,0.0,19.782974
ACA1505,C-FZUG,AC,Air Canada,YQM,,2025-12-19 21:55:00+00:00,2025-12-20 00:34:00+00:00,,D40,0.0,76.0,4.826489
ACA791,C-GIUE,UA,United,,LAX,2025-12-19 21:55:00+00:00,2025-12-20 03:27:00+00:00,F34,,0.0,0.0,9.878353
ACA1202,C-GNAM,AC,Air Canada,,MIA,2025-12-19 21:55:00+00:00,2025-12-20 01:21:00+00:00,F61,,0.0,0.0,12.233218
ACA791,C-GIUE,OS,Austrian,,LAX,2025-12-19 21:55:00+00:00,2025-12-20 03:27:00+00:00,F34,,0.0,0.0,2.947546
TSC164,C-GOIO,TS,Air Transat,,GEO,2025-12-19 22:00:00+00:00,2025-12-20 04:15:00+00:00,B19,,0.0,0.0,0.7509657
POE209,C-GKQY,AA,American,,YHZ,2025-12-19 22:00:00+00:00,2025-12-20 00:12:00+00:00,B24,12,0.0,0.0,0.0
ACA1812,C-FJQD,AC,Air Canada,,CUN,2025-12-19 22:00:00+00:00,2025-12-20 02:15:00+00:00,E81,,0.0,0.0,2.0193038
POE209,C-GKQY,TS,Air Transat,,YHZ,2025-12-19 22:00:00+00:00,2025-12-20 00:12:00+00:00,B24,12,0.0,0.0,0.7509657
POE209,C-GKQY,PD,Porter,,YHZ,2025-12-19 22:00:00+00:00,2025-12-20 00:12:00+00:00,B24,12,0.0,18.0,0.9583501
ACA8748,C-FRQP,AC,Air Canada,CLT,,2025-12-19 22:05:00+00:00,2025-12-19 23:57:00+00:00,,F82,18.0,0.0,16.192259
JZA970,C-FEKD,AC,Air Canada,STL,,2025-12-19 22:05:00+00:00,2025-12-20 00:06:00+00:00,,F99,0.0,0.0,0.0
TSC986,C-GUBT,TS,Air Transat,,PUJ,2025-12-19 22:10:00+00:00,2025-12-20 02:30:00+00:00,C30,,0.0,0.0,0.0
ACA895,C-GEFA,AC,Air Canada,YUL,,2025-12-19 22:10:00+00:00,2025-12-19 23:50:00+00:00,A51,D41,0.0,0.0,2.5423596
AAL1111,N987NN,AS,Alaska,,DFW,2025-12-19 22:14:00+00:00,2025-12-20 01:54:00+00:00,A8,,0.0,0.0,1.3695723
EDV5306,N478PX,DL,Delta Air Lines,,LGA,2025-12-19 22:14:00+00:00,2025-12-20 00:00:00+00:00,A6,,29.0,29.0,29.721489
EDV5306,N478PX,WS,WestJet,,LGA,2025-12-19 22:14:00+00:00,2025-12-20 00:00:00+00:00,A6,,29.0,158.0,26.60877
AAL1111,N987NN,G3,Gol,,DFW,2025-12-19 22:14:00+00:00,2025-12-20 01:54:00+00:00,A8,,0.0,0.0,4.430129
AAL1111,N987NN,QR,Qatar,,DFW,2025-12-19 22:14:00+00:00,2025-12-20 01:54:00+00:00,A8,,0.0,0.0,0.0
AAL1111,N987NN,AA,American,,DFW,2025-12-19 22:14:00+00:00,2025-12-20 01:54:00+00:00,A8,,0.0,0.0,0.0
AAL1111,N987NN,PD,Porter,,DFW,2025-12-19 22:14:00+00:00,2025-12-20 01:54:00+00:00,A8,,0.0,0.0,0.0
AAL1111,N987NN,QF,Qantas,,DFW,2025-12-19 22:14:00+00:00,2025-12-20 01:54:00+00:00,A8,,0.0,0.0,0.0
DAL3829,N258SY,DL,Delta Air Lines,,MSP,2025-12-19 22:15:00+00:00,2025-12-20 00:50:00+00:00,A13,,9.0,0.0,5.697328
,D-ANRA,WS,WestJet,,FRA,2025-12-19 22:15:00+00:00,2025-12-20 06:10:00+00:00,C30,,0.0,168.0,1.0368079
,D-ANRA,DE,Condor,,FRA,2025-12-19 22:15:00+00:00,2025-12-20 06:10:00+00:00,C30,,0.0,0.0,0.0
SKW3829,N258SY,WS,WestJet,,MSP,2025-12-19 22:15:00+00:00,2025-12-20 00:50:00+00:00,A13,,9.0,9.0,8.172173
UAL3453,N721YX,AV,Avianca,IAD,,2025-12-19 22:16:00+00:00,2025-12-19 23:57:00+00:00,,F62,0.0,0.0,0.0
UAL3453,N721YX,UA,United,IAD,,2025-12-19 22:16:00+00:00,2025-12-19 23:57:00+00:00,,F62,0.0,0.0,2.6161766
UAL3453,N721YX,AC,Air Canada,IAD,,2025-12-19 22:16:00+00:00,2025-12-19 23:57:00+00:00,,F62,0.0,0.0,0.09504815
UAL3453,N721YX,CM,Copa,IAD,,2025-12-19 22:16:00+00:00,2025-12-19 23:57:00+00:00,,F62,0.0,0.0,0.0
RPA4438,N654RW,BA,British,LGA,,2025-12-19 22:18:00+00:00,2025-12-20 00:00:00+00:00,,A7,0.0,0.0,0.94725895
RPA4438,N654RW,AA,American,LGA,,2025-12-19 22:18:00+00:00,2025-12-20 00:00:00+00:00,,A7,0.0,0.0,1.9485992
RPA3557,N768YX,UA,United,EWR,,2025-12-19 22:18:00+00:00,2025-12-20 00:17:00+00:00,,F96,72.0,0.0,61.111504
RPA3453,N721YX,YX,Republic,LGA,,2025-12-19 22:18:00+00:00,2025-12-20 00:00:00+00:00,,A7,0.0,0.0,3.3256454
RPA3557,N768YX,AC,Air Canada,EWR,,2025-12-19 22:18:00+00:00,2025-12-20 00:17:00+00:00,,F96,72.0,72.0,70.67937
WJA385,C-FUSM,WS,WestJet,,YWG,2025-12-19 22:20:00+00:00,2025-12-20 01:12:00+00:00,B18,,0.0,53.0,51.882694
TSC558,C-GOIM,TS,Air Transat,,VRA,2025-12-19 22:20:00+00:00,2025-12-20 01:55:00+00:00,B29,,0.0,0.0,0.7509657
ACA720,C-GEKH,UA,United,,LGA,2025-12-19 22:25:00+00:00,2025-12-20 00:03:00+00:00,F95,,0.0,0.0,21.753965
ACA589,C-FRTU,AC,Air Canada,,HNL,2025-12-19 22:25:00+00:00,2025-12-20 08:26:00+00:00,F65,,9.0,5.0,0.0
ACA720,C-GEKH,AC,Air Canada,,LGA,2025-12-19 22:25:00+00:00,2025-12-20 00:03:00+00:00,F95,,0.0,5.0,0.0
ACA1545,C-GBIM,AC,Air Canada,YYG,,2025-12-19 22:30:00+00:00,2025-12-20 01:15:00+00:00,,D28,25.0,0.0,19.978683
ACA8720,C-FXJF,AC,Air Canada,MSP,,2025-12-19 22:30:00+00:00,2025-12-20 00:40:00+00:00,,F64,0.0,0.0,14.940746
ACA742,C-FDCA,AC,Air Canada,SFO,,2025-12-19 22:30:00+00:00,2025-12-20 03:28:00+00:00,D12,F34,0.0,0.0,0.0
ACA1024,C-FSEQ,AC,Air Canada,,FLL,2025-12-19 22:35:00+00:00,2025-12-20 01:52:00+00:00,F57,,0.0,93.0,29.828873
ROU1676,C-GFCI,AC,Air Canada,,MCO,2025-12-19 22:50:00+00:00,2025-12-20 01:50:00+00:00,F98,,0.0,39.0,12.838493
ACA267,C-FHMO,AV,Avianca,,YWG,2025-12-19 22:50:00+00:00,2025-12-20 01:34:00+00:00,D36,,63.0,399.0,160.67851
ACA267,C-FHMO,UA,United,,YWG,2025-12-19 22:50:00+00:00,2025-12-20 01:34:00+00:00,D36,,63.0,63.0,63.93885
ACA267,C-FHMO,OS,Austrian,,YWG,2025-12-19 22:50:00+00:00,2025-12-20 01:34:00+00:00,D36,,63.0,63.0,51.70947
ACA267,C-FHMO,EY,Etihad,,YWG,2025-12-19 22:50:00+00:00,2025-12-20 01:34:00+00:00,D36,,63.0,63.0,51.009155
ACA267,C-FHMO,LH,Lufthansa,,YWG,2025-12-19 22:50:00+00:00,2025-12-20 01:34:00+00:00,D36,,63.0,63.0,53.703396
ACA267,C-FHMO,AC,Air Canada,,YWG,2025-12-19 22:50:00+00:00,2025-12-20 01:34:00+00:00,D36,,63.0,63.0,50.239216
JZA924,C-FUJA,AC,Air Canada,PIT,,2025-12-19 22:55:00+00:00,2025-12-20 00:00:00+00:00,,F97,0.0,7.0,0.50589746
UAL2462,N69816,UA,United,,SFO,2025-12-19 22:55:00+00:00,2025-12-20 04:53:00+00:00,F97,E11,0.0,0.0,21.753965
POE606,C-GKQJ,TS,Air Transat,LGA,,2025-12-19 22:55:00+00:00,2025-12-20 00:35:00+00:00,,A13,0.0,21.0,11.361975
POE606,C-GKQJ,PD,Porter,LGA,,2025-12-19 22:55:00+00:00,2025-12-20 00:35:00+00:00,,A13,0.0,0.0,0.0
EDV4980,N340CA,AF,Air France,,DTW,2025-12-19 23:05:00+00:00,2025-12-20 00:36:00+00:00,A6,,0.0,0.0,8.230356
EDV4980,N340CA,WS,WestJet,,DTW,2025-12-19 23:05:00+00:00,2025-12-20 00:36:00+00:00,A6,,0.0,39.0,28.345537
EDV4980,N340CA,KL,KLM,,DTW,2025-12-19 23:05:00+00:00,2025-12-20 00:36:00+00:00,A6,,0.0,0.0,9.840391
EDV4980,N340CA,DL,Delta Air Lines,,DTW,2025-12-19 23:05:00+00:00,2025-12-20 00:36:00+00:00,A6,,0.0,0.0,5.697328
EDV4980,N340CA,VS,Virgin Atlantic,,DTW,2025-12-19 23:05:00+00:00,2025-12-20 00:36:00+00:00,A6,,0.0,0.0,9.175234
JZA732,C-FJQZ,AC,Air Canada,CLE,,2025-12-19 23:10:00+00:00,2025-12-20 00:14:00+00:00,,F84,0.0,14.0,10.682433
DAL2714,N361NW,KE,Korean Air,,ATL,2025-12-19 23:12:00+00:00,2025-12-20 01:49:00+00:00,A12,,0.0,0.0,32.395634
DAL2714,N361NW,KL,KLM,,ATL,2025-12-19 23:12:00+00:00,2025-12-20 01:49:00+00:00,A12,,0.0,0.0,9.840391
DAL2714,N361NW,WS,WestJet,,ATL,2025-12-19 23:12:00+00:00,2025-12-20 01:49:00+00:00,A12,,0.0,0.0,16.413277
DAL2714,N361NW,DL,Delta Air Lines,,ATL,2025-12-19 23:12:00+00:00,2025-12-20 01:49:00+00:00,A12,,0.0,0.0,5.697328
DAL2714,N361NW,LA,LATAM,,ATL,2025-12-19 23:12:00+00:00,2025-12-20 01:49:00+00:00,A12,,0.0,28.0,25.935537
PDT5886,N694AE,AA,American,,PHL,2025-12-19 23:15:00+00:00,2025-12-20 01:00:00+00:00,A9,,0.0,0.0,0.0
PDT5886,N694AE,PD,Porter,,PHL,2025-12-19 23:15:00+00:00,2025-12-20 01:00:00+00:00,A9,,0.0,0.0,0.0
PDT5886,N694AE,PI,Polar,,PHL,2025-12-19 23:15:00+00:00,2025-12-20 01:00:00+00:00,A9,,0.0,0.0,2.7238522
,D-ABPA,LH,Lufthansa,,FRA,2025-12-19 23:15:00+00:00,2025-12-20 06:55:00+00:00,E76,,0.0,24.0,11.361153
,D-ABPA,AC,Air Canada,,FRA,2025-12-19 23:15:00+00:00,2025-12-20 06:55:00+00:00,E76,,0.0,0.0,0.0
ACA1293,C-GVUO,AC,Air Canada,RSW,,2025-12-19 23:20:00+00:00,2025-12-20 02:25:00+00:00,,F97,0.0,0.0,1.450588
ACA957,C-GEGI,AC,Air Canada,,SJO,2025-12-19 23:20:00+00:00,2025-12-20 04:55:00+00:00,E78,,0.0,0.0,0.0
ACA984,C-GEHY,AC,Air Canada,,POS,2025-12-19 23:25:00+00:00,2025-12-20 05:10:00+00:00,E81,,0.0,0.0,2.0193038
POE526,C-GZQZ,PD,Porter,TPA,,2025-12-19 23:25:00+00:00,2025-12-20 02:19:00+00:00,,C37A,0.0,0.0,0.0
POE526,C-GZQZ,TS,Air Transat,TPA,,2025-12-19 23:25:00+00:00,2025-12-20 02:19:00+00:00,,C37A,0.0,0.0,1.2317532
EDV5019,N919XJ,WS,WestJet,LGA,,2025-12-19 23:29:00+00:00,2025-12-20 01:20:00+00:00,,A6,0.0,0.0,0.0
EDV5019,N919XJ,DL,Delta Air Lines,LGA,,2025-12-19 23:29:00+00:00,2025-12-20 01:20:00+00:00,,A6,0.0,0.0,0.0
CMP470,HP-1826CMP,CM,Copa,PTY,,2025-12-19 23:35:00+00:00,2025-12-20 05:09:00+00:00,,E81,0.0,0.0,0.0
JZA787,C-FRQW,AC,Air Canada,DCA,,2025-12-19 23:50:00+00:00,2025-12-20 01:27:00+00:00,,F60,0.0,27.0,37.480183
WJA1115,C-GWBJ,DL,Delta Air Lines,FLL,,2025-12-19 23:55:00+00:00,2025-12-20 03:12:00+00:00,,A13,0.0,0.0,20.719294
WJA1115,C-GWBJ,WS,WestJet,FLL,,2025-12-19 23:55:00+00:00,2025-12-20 03:12:00+00:00,,A13,0.0,0.0,2.5861444
ACA1377,C-GJVT,AC,Air Canada,EWR,,2025-12-19 23:55:00+00:00,2025-12-20 01:42:00+00:00,,F55,0.0,0.0,20.918978
ACA1377,C-GJVT,UA,United,EWR,,2025-12-19 23:55:00+00:00,2025-12-20 01:42:00+00:00,,F55,0.0,77.0,85.8309
ACA1298,C-GUPK,UA,United,MSY,,2025-12-20 00:05:00+00:00,2025-12-20 02:52:00+00:00,,F36,0.0,0.0,76.12025
ACA1298,C-GUPK,AC,Air Canada,MSY,,2025-12-20 00:05:00+00:00,2025-12-20 02:52:00+00:00,,F36,0.0,57.0,61.89112
WJA648,C-GORP,WS,WestJet,YYC,,2025-12-20 00:15:00+00:00,2025-12-20 04:11:00+00:00,D83,B20,0.0,79.0,217.47987
ACA1040,C-GYLY,AC,Air Canada,DEN,,2025-12-20 00:30:00+00:00,2025-12-20 03:41:00+00:00,,F51,0.0,0.0,113.910416
ACA1040,C-GYLY,UA,United,DEN,,2025-12-20 00:30:00+00:00,2025-12-20 03:41:00+00:00,,F51,0.0,0.0,153.00352
ACA725,C-GEKH,AC,Air Canada,LGA,,2025-12-20 00:50:00+00:00,2025-12-20 02:33:00+00:00,,F57,0.0,0.0,81.009766
WJA456,C-GLVU,WS,WestJet,YEG,,2025-12-20 00:50:00+00:00,2025-12-20 04:39:00+00:00,54,B3,0.0,0.0,275.7691
ACA725,C-GEKH,UA,United,LGA,,2025-12-20 00:50:00+00:00,2025-12-20 02:33:00+00:00,,F57,0.0,0.0,86.58885
WJA718,C-GWBF,WS,WestJet,YVR,,2025-12-20 01:00:00+00:00,2025-12-20 05:38:00+00:00,B14,B24,0.0,0.0,282.72095
FLE1601,C-FFLJ,F8,Flair,FLL,,2025-12-20 01:05:00+00:00,2025-12-20 04:20:00+00:00,,C29A,0.0,0.0,99.20957
POE552,C-GKXM,PD,Porter,PBI,,2025-12-20 01:05:00+00:00,2025-12-20 04:19:00+00:00,,C41,0.0,0.0,145.6221
POE552,C-GKXM,TS,Air Transat,PBI,,2025-12-20 01:05:00+00:00,2025-12-20 04:19:00+00:00,,C41,0.0,0.0,147.91937
ACA270,C-FXCD,AC,Air Canada,YWG,,2025-12-20 01:05:00+00:00,2025-12-20 03:41:00+00:00,11,D42,0.0,0.0,309.54367
ACA152,C-GFUR,AC,Air Canada,YYC,,2025-12-20 01:15:00+00:00,2025-12-20 05:13:00+00:00,C56,D39,40.0,39.0,149.9485
ACA192,C-GJWD,AC,Air Canada,,YLW,2025-12-20 01:25:00+00:00,2025-12-20 06:20:00+00:00,D38,6,30.0,30.0,221.55519
ACA192,C-GJWD,UA,United,,YLW,2025-12-20 01:25:00+00:00,2025-12-20 06:20:00+00:00,D38,6,30.0,152.0,208.92586
WJA2571,C-FWCN,WS,WestJet,MBJ,,2025-12-20 01:25:00+00:00,2025-12-20 05:42:00+00:00,,B37,0.0,74.0,182.51834
ACA856,C-GHPY,AC,Air Canada,,LHR,2025-12-20 01:25:00+00:00,2025-12-20 08:30:00+00:00,E69,,0.0,0.0,140.46817
ROU1819,C-GHPD,AC,Air Canada,BDA,,2025-12-20 01:35:00+00:00,2025-12-20 04:50:00+00:00,,163,0.0,29.0,45.073425
POE536,C-GKYC,PD,Porter,RSW,,2025-12-20 01:45:00+00:00,2025-12-20 04:49:00+00:00,,C38,0.0,0.0,160.88634
POE536,C-GKYC,TS,Air Transat,RSW,,2025-12-20 01:45:00+00:00,2025-12-20 04:49:00+00:00,,C38,0.0,0.0,164.30997
POE409,C-GKQY,PD,Porter,,YEG,2025-12-20 01:55:00+00:00,2025-12-20 06:16:00+00:00,B4,,0.0,0.0,270.29156
POE409,C-GKQY,AA,American,,YEG,2025-12-20 01:55:00+00:00,2025-12-20 06:16:00+00:00,B4,,0.0,0.0,242.20763
POE409,C-GKQY,TS,Air Transat,,YEG,2025-12-20 01:55:00+00:00,2025-12-20 06:16:00+00:00,B4,,0.0,0.0,258.73065
WJA386,C-FUSM,WS,WestJet,YWG,,2025-12-20 02:05:00+00:00,2025-12-20 04:38:00+00:00,7,B22,0.0,0.0,370.09427
ACA510,C-GNGV,AC,Air Canada,ORD,,2025-12-20 02:30:00+00:00,2025-12-20 04:09:00+00:00,,F32,0.0,0.0,165.37604
,C-FGEI,LH,Lufthansa,,FRA,2025-12-20 02:30:00+00:00,2025-12-20 10:10:00+00:00,E70,,0.0,0.0,143.97932
,C-FGEI,UL,SriLankan,,FRA,2025-12-20 02:30:00+00:00,2025-12-20 10:10:00+00:00,E70,,0.0,0.0,151.5439
,C-FGEI,OU,Croatia,,FRA,2025-12-20 02:30:00+00:00,2025-12-20 10:10:00+00:00,E70,,0.0,0.0,171.86006
,C-FGEI,MS,EgyptAir,,FRA,2025-12-20 02:30:00+00:00,2025-12-20 10:10:00+00:00,E70,,0.0,0.0,135.90297
,C-FGEI,OS,Austrian,,FRA,2025-12-20 02:30:00+00:00,2025-12-20 10:10:00+00:00,E70,,0.0,0.0,161.95088
,C-FGEI,AC,Air Canada,,FRA,2025-12-20 02:30:00+00:00,2025-12-20 10:10:00+00:00,E70,,0.0,0.0,140.46817
,C-FGEI,UA,United,,FRA,2025-12-20 02:30:00+00:00,2025-12-20 10:10:00+00:00,E70,,0.0,0.0,151.5439
,C-FGEI,TG,Thai  International,,FRA,2025-12-20 02:30:00+00:00,2025-12-20 10:10:00+00:00,E70,,0.0,0.0,156.50226
TSC957,C-GOKC,TS,Air Transat,HOG,,2025-12-20 02:50:00+00:00,2025-12-20 06:45:00+00:00,,B41,0.0,0.0,74.8045
TSC805,C-GEZO,TS,Air Transat,CCC,,2025-12-20 04:00:00+00:00,2025-12-20 07:35:00+00:00,,C34,0.0,0.0,79.0702
ACA472,C-GJXE,AV,Avianca,,YOW,2025-12-20 05:30:00+00:00,2025-12-20 06:38:00+00:00,D36,16,0.0,0.0,242.0894
ACA472,C-GJXE,TP,TAP Air Portugal,,YOW,2025-12-20 05:30:00+00:00,2025-12-20 06:38:00+00:00,D36,16,0.0,0.0,258.73065
ACA472,C-GJXE,LO,LOT - Polish,,YOW,2025-12-20 05:30:00+00:00,2025-12-20 06:38:00+00:00,D36,16,0.0,0.0,238.98012
ACA472,C-GJXE,AC,Air Canada,,YOW,2025-12-20 05:30:00+00:00,2025-12-20 06:38:00+00:00,D36,16,0.0,0.0,243.16588
ACA472,C-GJXE,CX,Cathay Pacific,,YOW,2025-12-20 05:30:00+00:00,2025-12-20 06:38:00+00:00,D36,16,0.0,0.0,244.73633
ACA472,C-GJXE,OS,Austrian,,YOW,2025-12-20 05:30:00+00:00,2025-12-20 06:38:00+00:00,D36,16,0.0,0.0,262.7391
ACA2188,C-FCYX,AC,Air Canada,LAX,,,2025-12-20 00:15:00+00:00,,F65,24.0,0.0,3.9158368
ACA2314,C-FFGZ,AC,Air Canada,YLW,,,2025-12-20 01:10:00+00:00,,D35,48.0,0.0,0.0
WJA2759,C-FJVE,WS,WestJet,VRA,,,2025-12-19 21:09:00+00:00,,B37,192.0,0.0,0.0
WJA2757,C-FPRP,WS,WestJet,LIR,,,2025-12-20 00:11:00+00:00,,B10,64.0,0.0,0.0
WJA430,C-FRAX,WS,WestJet,YEG,,,2025-12-19 22:23:00+00:00,,B22,0.0,0.0,0.0
WJA2709,C-FULJ,WS,WestJet,MBJ,,,2025-12-19 21:15:00+00:00,,B17,38.0,0.0,0.0
ACA7247,C-FXCA,AC,Air Canada,GDL,,,2025-12-19 20:30:00+00:00,,507,35.0,0.0,0.0
WJA2853,C-GDMP,WS,WestJet,CUN,,,2025-12-19 21:10:00+00:00,,B23,37.0,0.0,10.880486
WJA2703,C-GFJQ,WS,WestJet,PUJ,,,2025-12-19 23:20:00+00:00,,B28,78.0,0.0,0.0
ACA7253,C-GHLV,AC,Air Canada,LIM,,,2025-12-19 21:25:00+00:00,,509,60.0,0.0,2.0244987
ACA744,C-GJYI,AC,Air Canada,SFO,,,2025-12-20 05:13:00+00:00,,F55,0.0,52.0,41.77779
WJA2731,C-GNDG,WS,WestJet,HOG,,,2025-12-19 22:09:00+00:00,,B11,18.0,0.0,0.0
WJA2727,C-GOWG,WS,WestJet,SNU,,,2025-12-19 20:31:00+00:00,,B9,147.0,0.0,0.0
WJA2027,C-GXRW,WS,WestJet,TQO,,,2025-12-19 23:53:00+00:00,,B24,2.0,0.0,0.0
RPA3453,N721YX,UA,United,IAD,,,2025-12-20 00:00:00+00:00,,A7,0.0,0.0,14.090074
